candidate_id,dedup_status_label,disposition,evidence_type_label,ready_for_ingestion,reason,source_document_name,source_page,source_section,title
business-chapter-001,未发现重复，仍需审核,保留历史参考,历史目录结构参考,False,章节或表单只用于历史结构对照，不属于泰昌企业事实资产,泰昌商务补充文件,4,（一）商务偏差表,泰昌商务标历史目录参考：商务偏差表
business-chapter-002,未发现重复，仍需审核,保留历史参考,历史目录结构参考,False,章节或表单只用于历史结构对照，不属于泰昌企业事实资产,泰昌商务补充文件,4,（一）商务偏差表/1.商务偏差表,泰昌商务标历史目录参考：商务偏差表/1.商务偏差表
business-chapter-003,未发现重复，仍需审核,保留历史参考,历史目录结构参考,False,章节或表单只用于历史结构对照，不属于泰昌企业事实资产,泰昌商务补充文件,5,（二）投标保证保险,泰昌商务标历史目录参考：投标保证保险
business-chapter-004,未发现重复，仍需审核,保留历史参考,历史目录结构参考,False,章节或表单只用于历史结构对照，不属于泰昌企业事实资产,泰昌商务补充文件,6,(三)补充文件,泰昌商务标历史目录参考：补充文件
business-chapter-005,未发现重复，仍需审核,保留历史参考,历史目录结构参考,False,章节或表单只用于历史结构对照，不属于泰昌企业事实资产,泰昌商务补充文件,6,(三)补充文件/1.投标保证金,泰昌商务标历史目录参考：补充文件/1.投标保证金
business-chapter-006,未发现重复，仍需审核,保留历史参考,历史目录结构参考,False,章节或表单只用于历史结构对照，不属于泰昌企业事实资产,泰昌商务补充文件,7,(三)补充文件/2.投标人情况,泰昌商务标历史目录参考：补充文件/2.投标人情况
business-chapter-007,未发现重复，仍需审核,保留历史参考,历史目录结构参考,False,章节或表单只用于历史结构对照，不属于泰昌企业事实资产,泰昌商务补充文件,7,(三)补充文件/2.投标人情况/2.1.投标人与国家电网公司系统人员关系说明,泰昌商务标历史目录参考：补充文件/2.投标人情况/2.1.投标人与国家电网公司系统人员关系说明
business-chapter-008,未发现重复，仍需审核,保留历史参考,历史目录结构参考,False,章节或表单只用于历史结构对照，不属于泰昌企业事实资产,泰昌商务补充文件,8,(三)补充文件/2.投标人情况/2.2投标人基本情况表,泰昌商务标历史目录参考：补充文件/2.投标人情况/2.2投标人基本情况表
business-chapter-009,未发现重复，仍需审核,保留历史参考,历史目录结构参考,False,章节或表单只用于历史结构对照，不属于泰昌企业事实资产,泰昌商务补充文件,9,(三)补充文件/2.投标人情况/附：国家企业信用信息公示系统（http://www.gsxt.gov.cn）查询的股东（企业或自然人）名称及详细出资情况截图,泰昌商务标历史目录参考：补充文件/2.投标人情况/附：国家企业信用信息公示系统（http://www.gsxt.gov.cn）查询的股东（企业或自然人）名称及详细出资情况截图
business-chapter-010,未发现重复，仍需审核,保留历史参考,历史目录结构参考,False,章节或表单只用于历史结构对照，不属于泰昌企业事实资产,泰昌商务补充文件,10,(三)补充文件/2.投标人情况/附：股权证明材料,泰昌商务标历史目录参考：补充文件/2.投标人情况/附：股权证明材料
business-chapter-011,未发现重复，仍需审核,保留历史参考,历史目录结构参考,False,章节或表单只用于历史结构对照，不属于泰昌企业事实资产,泰昌商务补充文件,11,(三)补充文件/3.企业法人营业执照,泰昌商务标历史目录参考：补充文件/3.企业法人营业执照
business-chapter-012,未发现重复，仍需审核,保留历史参考,历史目录结构参考,False,章节或表单只用于历史结构对照，不属于泰昌企业事实资产,泰昌商务补充文件,12,(三)补充文件/4.有效的税务登记证明,泰昌商务标历史目录参考：补充文件/4.有效的税务登记证明
business-chapter-013,未发现重复，仍需审核,保留历史参考,历史目录结构参考,False,章节或表单只用于历史结构对照，不属于泰昌企业事实资产,泰昌商务补充文件,13,(三)补充文件/5.符合招标文件投标人资格要求的证明文件,泰昌商务标历史目录参考：补充文件/5.符合招标文件投标人资格要求的证明文件
business-chapter-014,未发现重复，仍需审核,保留历史参考,历史目录结构参考,False,章节或表单只用于历史结构对照，不属于泰昌企业事实资产,泰昌商务补充文件,13,(三)补充文件/5.符合招标文件投标人资格要求的证明文件/5.1.符合投标邀请书投标人资格要求的证明文件（更新或补充）,泰昌商务标历史目录参考：补充文件/5.符合招标文件投标人资格要求的证明文件/5.1.符合投标邀请书投标人资格要求的证明文件（更新或补充）
business-chapter-015,未发现重复，仍需审核,保留历史参考,历史目录结构参考,False,章节或表单只用于历史结构对照，不属于泰昌企业事实资产,泰昌商务补充文件,13,(三)补充文件/5.符合招标文件投标人资格要求的证明文件/5.1.符合投标邀请书投标人资格要求的证明文件（更新或补充）/5.1.1.资格预审结果通知书,泰昌商务标历史目录参考：补充文件/5.符合招标文件投标人资格要求的证明文件/5.1.符合投标邀请书投标人资格要求的证明文件（更新或补充）/5.1.1.资格预审结果通知书
business-chapter-016,未发现重复，仍需审核,保留历史参考,历史目录结构参考,False,章节或表单只用于历史结构对照，不属于泰昌企业事实资产,泰昌商务补充文件,14,(三)补充文件/5.符合招标文件投标人资格要求的证明文件/5.1.符合投标邀请书投标人资格要求的证明文件（更新或补充）/5.1.2.资质业绩凭证单,泰昌商务标历史目录参考：补充文件/5.符合招标文件投标人资格要求的证明文件/5.1.符合投标邀请书投标人资格要求的证明文件（更新或补充）/5.1.2.资质业绩凭证单
business-chapter-017,未发现重复，仍需审核,保留历史参考,历史目录结构参考,False,章节或表单只用于历史结构对照，不属于泰昌企业事实资产,泰昌商务补充文件,15,(三)补充文件/5.符合招标文件投标人资格要求的证明文件/5.2查询报告及截图,泰昌商务标历史目录参考：补充文件/5.符合招标文件投标人资格要求的证明文件/5.2查询报告及截图
business-chapter-018,未发现重复，仍需审核,保留历史参考,历史目录结构参考,False,章节或表单只用于历史结构对照，不属于泰昌企业事实资产,泰昌商务补充文件,15,(三)补充文件/5.符合招标文件投标人资格要求的证明文件/5.2查询报告及截图/5.2.1.国家企业信用信息公示系统查询结果,泰昌商务标历史目录参考：补充文件/5.符合招标文件投标人资格要求的证明文件/5.2查询报告及截图/5.2.1.国家企业信用信息公示系统查询结果
business-chapter-019,未发现重复，仍需审核,保留历史参考,历史目录结构参考,False,章节或表单只用于历史结构对照，不属于泰昌企业事实资产,泰昌商务补充文件,15,(三)补充文件/5.符合招标文件投标人资格要求的证明文件/5.2查询报告及截图/5.2.1.国家企业信用信息公示系统查询结果/（1）营业执照信息查询截图,泰昌商务标历史目录参考：补充文件/5.符合招标文件投标人资格要求的证明文件/5.2查询报告及截图/5.2.1.国家企业信用信息公示系统查询结果/（1）营业执照信息查询截图
business-chapter-020,未发现重复，仍需审核,保留历史参考,历史目录结构参考,False,章节或表单只用于历史结构对照，不属于泰昌企业事实资产,泰昌商务补充文件,15,(三)补充文件/5.符合招标文件投标人资格要求的证明文件/5.2查询报告及截图/5.2.1.国家企业信用信息公示系统查询结果/（2）清算信息查询截图,泰昌商务标历史目录参考：补充文件/5.符合招标文件投标人资格要求的证明文件/5.2查询报告及截图/5.2.1.国家企业信用信息公示系统查询结果/（2）清算信息查询截图
business-chapter-021,未发现重复，仍需审核,保留历史参考,历史目录结构参考,False,章节或表单只用于历史结构对照，不属于泰昌企业事实资产,泰昌商务补充文件,16,(三)补充文件/5.符合招标文件投标人资格要求的证明文件/5.2查询报告及截图/5.2.1.国家企业信用信息公示系统查询结果/（3）行政处罚信息查询截图,泰昌商务标历史目录参考：补充文件/5.符合招标文件投标人资格要求的证明文件/5.2查询报告及截图/5.2.1.国家企业信用信息公示系统查询结果/（3）行政处罚信息查询截图
business-chapter-022,未发现重复，仍需审核,保留历史参考,历史目录结构参考,False,章节或表单只用于历史结构对照，不属于泰昌企业事实资产,泰昌商务补充文件,16,(三)补充文件/5.符合招标文件投标人资格要求的证明文件/5.2查询报告及截图/5.2.1.国家企业信用信息公示系统查询结果/（4）纳入经营异常名录信息查询截图,泰昌商务标历史目录参考：补充文件/5.符合招标文件投标人资格要求的证明文件/5.2查询报告及截图/5.2.1.国家企业信用信息公示系统查询结果/（4）纳入经营异常名录信息查询截图
business-chapter-023,未发现重复，仍需审核,保留历史参考,历史目录结构参考,False,章节或表单只用于历史结构对照，不属于泰昌企业事实资产,泰昌商务补充文件,17,(三)补充文件/5.符合招标文件投标人资格要求的证明文件/5.2查询报告及截图/5.2.1.国家企业信用信息公示系统查询结果/（5）纳入严重违反失信企业名单（黑名单）信息查询截图,泰昌商务标历史目录参考：补充文件/5.符合招标文件投标人资格要求的证明文件/5.2查询报告及截图/5.2.1.国家企业信用信息公示系统查询结果/（5）纳入严重违反失信企业名单（黑名单）信息查询截图
business-chapter-024,未发现重复，仍需审核,保留历史参考,历史目录结构参考,False,章节或表单只用于历史结构对照，不属于泰昌企业事实资产,泰昌商务补充文件,18,(三)补充文件/5.符合招标文件投标人资格要求的证明文件/5.2查询报告及截图/5.2.1.国家企业信用信息公示系统查询结果/（6）股东及出资信息查询截图,泰昌商务标历史目录参考：补充文件/5.符合招标文件投标人资格要求的证明文件/5.2查询报告及截图/5.2.1.国家企业信用信息公示系统查询结果/（6）股东及出资信息查询截图
business-chapter-025,未发现重复，仍需审核,保留历史参考,历史目录结构参考,False,章节或表单只用于历史结构对照，不属于泰昌企业事实资产,泰昌商务补充文件,19,(三)补充文件/5.符合招标文件投标人资格要求的证明文件/5.2查询报告及截图/5.2.1.国家企业信用信息公示系统查询结果/（7）国家企业信用信息公示系统查询截图,泰昌商务标历史目录参考：补充文件/5.符合招标文件投标人资格要求的证明文件/5.2查询报告及截图/5.2.1.国家企业信用信息公示系统查询结果/（7）国家企业信用信息公示系统查询截图
business-chapter-026,未发现重复，仍需审核,保留历史参考,历史目录结构参考,False,章节或表单只用于历史结构对照，不属于泰昌企业事实资产,泰昌商务补充文件,56,(三)补充文件/5.符合招标文件投标人资格要求的证明文件/5.2查询报告及截图/5.2.2.信用中国”（www.creditchina.gov.cn）中的查询结果,泰昌商务标历史目录参考：补充文件/5.符合招标文件投标人资格要求的证明文件/5.2查询报告及截图/5.2.2.信用中国”（www.creditchina.gov.cn）中的查询结果
business-chapter-027,未发现重复，仍需审核,保留历史参考,历史目录结构参考,False,章节或表单只用于历史结构对照，不属于泰昌企业事实资产,泰昌商务补充文件,63,(三)补充文件/6.财务状况,泰昌商务标历史目录参考：补充文件/6.财务状况
business-chapter-028,未发现重复，仍需审核,保留历史参考,历史目录结构参考,False,章节或表单只用于历史结构对照，不属于泰昌企业事实资产,泰昌商务补充文件,64,(三)补充文件/6.财务状况/6.1.新增2024年审计报告,泰昌商务标历史目录参考：补充文件/6.财务状况/6.1.新增2024年审计报告
business-chapter-029,未发现重复，仍需审核,保留历史参考,历史目录结构参考,False,章节或表单只用于历史结构对照，不属于泰昌企业事实资产,泰昌商务补充文件,91,(三)补充文件/7.针对评审要素，需要补充的其他文件,泰昌商务标历史目录参考：补充文件/7.针对评审要素，需要补充的其他文件
business-chapter-030,未发现重复，仍需审核,保留历史参考,历史目录结构参考,False,章节或表单只用于历史结构对照，不属于泰昌企业事实资产,泰昌商务补充文件,91,(三)补充文件/7.针对评审要素，需要补充的其他文件/7.1.应急保供,泰昌商务标历史目录参考：补充文件/7.针对评审要素，需要补充的其他文件/7.1.应急保供
business-chapter-031,未发现重复，仍需审核,保留历史参考,历史目录结构参考,False,章节或表单只用于历史结构对照，不属于泰昌企业事实资产,泰昌商务补充文件,92,(三)补充文件/7.针对评审要素，需要补充的其他文件/7.2.绿色发展规划及管理体系认证,泰昌商务标历史目录参考：补充文件/7.针对评审要素，需要补充的其他文件/7.2.绿色发展规划及管理体系认证
business-chapter-032,未发现重复，仍需审核,保留历史参考,历史目录结构参考,False,章节或表单只用于历史结构对照，不属于泰昌企业事实资产,泰昌商务补充文件,92,(三)补充文件/7.针对评审要素，需要补充的其他文件/7.2.绿色发展规划及管理体系认证/7.2.1.绿色发展规划响应情况,泰昌商务标历史目录参考：补充文件/7.针对评审要素，需要补充的其他文件/7.2.绿色发展规划及管理体系认证/7.2.1.绿色发展规划响应情况
business-chapter-033,未发现重复，仍需审核,保留历史参考,历史目录结构参考,False,章节或表单只用于历史结构对照，不属于泰昌企业事实资产,泰昌商务补充文件,92,(三)补充文件/7.针对评审要素，需要补充的其他文件/7.2.绿色发展规划及管理体系认证/7.2.1.绿色发展规划响应情况/（1）绿色发展规划报告,泰昌商务标历史目录参考：补充文件/7.针对评审要素，需要补充的其他文件/7.2.绿色发展规划及管理体系认证/7.2.1.绿色发展规划响应情况/（1）绿色发展规划报告
business-chapter-034,未发现重复，仍需审核,保留历史参考,历史目录结构参考,False,章节或表单只用于历史结构对照，不属于泰昌企业事实资产,泰昌商务补充文件,110,(三)补充文件/7.针对评审要素，需要补充的其他文件/7.2.绿色发展规划及管理体系认证/7.2.2.绿色管理体系认证情况,泰昌商务标历史目录参考：补充文件/7.针对评审要素，需要补充的其他文件/7.2.绿色发展规划及管理体系认证/7.2.2.绿色管理体系认证情况
business-chapter-035,未发现重复，仍需审核,保留历史参考,历史目录结构参考,False,章节或表单只用于历史结构对照，不属于泰昌企业事实资产,泰昌商务补充文件,110,(三)补充文件/7.针对评审要素，需要补充的其他文件/7.2.绿色发展规划及管理体系认证/7.2.2.绿色管理体系认证情况/（1）质量管理体系认证证书,泰昌商务标历史目录参考：补充文件/7.针对评审要素，需要补充的其他文件/7.2.绿色发展规划及管理体系认证/7.2.2.绿色管理体系认证情况/（1）质量管理体系认证证书
business-chapter-036,未发现重复，仍需审核,保留历史参考,历史目录结构参考,False,章节或表单只用于历史结构对照，不属于泰昌企业事实资产,泰昌商务补充文件,112,(三)补充文件/7.针对评审要素，需要补充的其他文件/7.2.绿色发展规划及管理体系认证/7.2.2.绿色管理体系认证情况/（2）职业健康安全管理体系认证证书,泰昌商务标历史目录参考：补充文件/7.针对评审要素，需要补充的其他文件/7.2.绿色发展规划及管理体系认证/7.2.2.绿色管理体系认证情况/（2）职业健康安全管理体系认证证书
business-chapter-037,未发现重复，仍需审核,保留历史参考,历史目录结构参考,False,章节或表单只用于历史结构对照，不属于泰昌企业事实资产,泰昌商务补充文件,115,(三)补充文件/7.针对评审要素，需要补充的其他文件/7.2.绿色发展规划及管理体系认证/7.2.2.绿色管理体系认证情况/（3）环境管理体系认证证书,泰昌商务标历史目录参考：补充文件/7.针对评审要素，需要补充的其他文件/7.2.绿色发展规划及管理体系认证/7.2.2.绿色管理体系认证情况/（3）环境管理体系认证证书
business-chapter-038,未发现重复，仍需审核,保留历史参考,历史目录结构参考,False,章节或表单只用于历史结构对照，不属于泰昌企业事实资产,泰昌商务补充文件,117,(三)补充文件/7.针对评审要素，需要补充的其他文件/7.2.绿色发展规划及管理体系认证/7.2.3.环境影响评价情况,泰昌商务标历史目录参考：补充文件/7.针对评审要素，需要补充的其他文件/7.2.绿色发展规划及管理体系认证/7.2.3.环境影响评价情况
business-chapter-039,未发现重复，仍需审核,保留历史参考,历史目录结构参考,False,章节或表单只用于历史结构对照，不属于泰昌企业事实资产,泰昌商务补充文件,117,(三)补充文件/7.针对评审要素，需要补充的其他文件/7.2.绿色发展规划及管理体系认证/7.2.3.环境影响评价情况/（1）ESG(环境、社会、公司治理)报告,泰昌商务标历史目录参考：补充文件/7.针对评审要素，需要补充的其他文件/7.2.绿色发展规划及管理体系认证/7.2.3.环境影响评价情况/（1）ESG(环境、社会、公司治理)报告
business-chapter-040,未发现重复，仍需审核,保留历史参考,历史目录结构参考,False,章节或表单只用于历史结构对照，不属于泰昌企业事实资产,泰昌商务补充文件,156,(三)补充文件/7.针对评审要素，需要补充的其他文件/7.2.绿色发展规划及管理体系认证/7.2.3.环境影响评价情况/（2）废水、废气、废固报告,泰昌商务标历史目录参考：补充文件/7.针对评审要素，需要补充的其他文件/7.2.绿色发展规划及管理体系认证/7.2.3.环境影响评价情况/（2）废水、废气、废固报告
business-chapter-041,未发现重复，仍需审核,保留历史参考,历史目录结构参考,False,章节或表单只用于历史结构对照，不属于泰昌企业事实资产,泰昌商务补充文件,191,(三)补充文件/7.针对评审要素，需要补充的其他文件/7.2.绿色发展规划及管理体系认证/7.2.3.环境影响评价情况/（3）现状环境影响评估报告,泰昌商务标历史目录参考：补充文件/7.针对评审要素，需要补充的其他文件/7.2.绿色发展规划及管理体系认证/7.2.3.环境影响评价情况/（3）现状环境影响评估报告
business-chapter-042,未发现重复，仍需审核,保留历史参考,历史目录结构参考,False,章节或表单只用于历史结构对照，不属于泰昌企业事实资产,泰昌商务补充文件,281,(三)补充文件/7.针对评审要素，需要补充的其他文件/7.2.绿色发展规划及管理体系认证/7.2.4.绿电绿证情况,泰昌商务标历史目录参考：补充文件/7.针对评审要素，需要补充的其他文件/7.2.绿色发展规划及管理体系认证/7.2.4.绿电绿证情况
business-chapter-043,未发现重复，仍需审核,保留历史参考,历史目录结构参考,False,章节或表单只用于历史结构对照，不属于泰昌企业事实资产,泰昌商务补充文件,281,(三)补充文件/7.针对评审要素，需要补充的其他文件/7.2.绿色发展规划及管理体系认证/7.2.4.绿电绿证情况/（1）绿色电力认证证书,泰昌商务标历史目录参考：补充文件/7.针对评审要素，需要补充的其他文件/7.2.绿色发展规划及管理体系认证/7.2.4.绿电绿证情况/（1）绿色电力认证证书
business-chapter-044,未发现重复，仍需审核,保留历史参考,历史目录结构参考,False,章节或表单只用于历史结构对照，不属于泰昌企业事实资产,泰昌商务补充文件,282,(三)补充文件/7.针对评审要素，需要补充的其他文件/7.2.绿色发展规划及管理体系认证/7.2.4.绿电绿证情况/（2）绿色供应链认证证书,泰昌商务标历史目录参考：补充文件/7.针对评审要素，需要补充的其他文件/7.2.绿色发展规划及管理体系认证/7.2.4.绿电绿证情况/（2）绿色供应链认证证书
business-chapter-045,未发现重复，仍需审核,保留历史参考,历史目录结构参考,False,章节或表单只用于历史结构对照，不属于泰昌企业事实资产,泰昌商务补充文件,283,(三)补充文件/7.针对评审要素，需要补充的其他文件/7.2.绿色发展规划及管理体系认证/7.2.4.绿电绿证情况/（3）绿色电力证书交易凭证,泰昌商务标历史目录参考：补充文件/7.针对评审要素，需要补充的其他文件/7.2.绿色发展规划及管理体系认证/7.2.4.绿电绿证情况/（3）绿色电力证书交易凭证
business-chapter-046,未发现重复，仍需审核,保留历史参考,历史目录结构参考,False,章节或表单只用于历史结构对照，不属于泰昌企业事实资产,泰昌商务补充文件,286,(三)补充文件/7.针对评审要素，需要补充的其他文件/7.2.绿色发展规划及管理体系认证/7.2.5.绿色低碳响应情况,泰昌商务标历史目录参考：补充文件/7.针对评审要素，需要补充的其他文件/7.2.绿色发展规划及管理体系认证/7.2.5.绿色低碳响应情况
business-chapter-047,未发现重复，仍需审核,保留历史参考,历史目录结构参考,False,章节或表单只用于历史结构对照，不属于泰昌企业事实资产,泰昌商务补充文件,286,(三)补充文件/7.针对评审要素，需要补充的其他文件/7.2.绿色发展规划及管理体系认证/（1）碳足迹报告,泰昌商务标历史目录参考：补充文件/7.针对评审要素，需要补充的其他文件/7.2.绿色发展规划及管理体系认证/（1）碳足迹报告
business-chapter-048,未发现重复，仍需审核,保留历史参考,历史目录结构参考,False,章节或表单只用于历史结构对照，不属于泰昌企业事实资产,泰昌商务补充文件,303,(三)补充文件/7.针对评审要素，需要补充的其他文件/7.3.创新激励机制、供应链保障措施,泰昌商务标历史目录参考：补充文件/7.针对评审要素，需要补充的其他文件/7.3.创新激励机制、供应链保障措施
business-chapter-049,未发现重复，仍需审核,保留历史参考,历史目录结构参考,False,章节或表单只用于历史结构对照，不属于泰昌企业事实资产,泰昌商务补充文件,303,(三)补充文件/7.针对评审要素，需要补充的其他文件/7.3.创新激励机制、供应链保障措施/（1）创新激励机制评价报告,泰昌商务标历史目录参考：补充文件/7.针对评审要素，需要补充的其他文件/7.3.创新激励机制、供应链保障措施/（1）创新激励机制评价报告
business-chapter-050,未发现重复，仍需审核,保留历史参考,历史目录结构参考,False,章节或表单只用于历史结构对照，不属于泰昌企业事实资产,泰昌商务补充文件,315,(三)补充文件/8.投标人自述的企业名称变更原因说明、市场监督管理部门出具的‘名称变更证明’相关证明材料、有权机构出具的‘资格资质变更证明’等相关证明材料。（如有）,泰昌商务标历史目录参考：补充文件/8.投标人自述的企业名称变更原因说明、市场监督管理部门出具的‘名称变更证明’相关证明材料、有权机构出具的‘资格资质变更证明’等相关证明材料。（如有）
business-chapter-051,未发现重复，仍需审核,保留历史参考,历史目录结构参考,False,章节或表单只用于历史结构对照，不属于泰昌企业事实资产,泰昌商务补充文件,316,(三)补充文件/9.制造商授权委托书（本批次不适用）,泰昌商务标历史目录参考：补充文件/9.制造商授权委托书（本批次不适用）
business-chapter-052,未发现重复，仍需审核,保留历史参考,历史目录结构参考,False,章节或表单只用于历史结构对照，不属于泰昌企业事实资产,泰昌商务补充文件,317,(三)补充文件/10.供应商关于配合开展资质能力信息核实的承诺函,泰昌商务标历史目录参考：补充文件/10.供应商关于配合开展资质能力信息核实的承诺函
business-chapter-053,未发现重复，仍需审核,保留历史参考,历史目录结构参考,False,章节或表单只用于历史结构对照，不属于泰昌企业事实资产,泰昌商务补充文件,318,(三)补充文件/11.公章对投标专用章授权书,泰昌商务标历史目录参考：补充文件/11.公章对投标专用章授权书
business-chapter-054,未发现重复，仍需审核,保留历史参考,历史目录结构参考,False,章节或表单只用于历史结构对照，不属于泰昌企业事实资产,泰昌商务补充文件,319,(三)补充文件/12.其他,泰昌商务标历史目录参考：补充文件/12.其他
business-chapter-055,未发现重复，仍需审核,保留历史参考,历史目录结构参考,False,章节或表单只用于历史结构对照，不属于泰昌企业事实资产,泰昌商务补充文件,319,(三)补充文件/12.其他/12.1.发明专利证书,泰昌商务标历史目录参考：补充文件/12.其他/12.1.发明专利证书
business-chapter-056,未发现重复，仍需审核,保留历史参考,历史目录结构参考,False,章节或表单只用于历史结构对照，不属于泰昌企业事实资产,泰昌商务补充文件,320,(三)补充文件/12.其他/12.2.中华人民共和国国家版权局计算机软件著作权登记证书,泰昌商务标历史目录参考：补充文件/12.其他/12.2.中华人民共和国国家版权局计算机软件著作权登记证书
business-chapter-057,未发现重复，仍需审核,保留历史参考,历史目录结构参考,False,章节或表单只用于历史结构对照，不属于泰昌企业事实资产,泰昌商务补充文件,321,(三)补充文件/12.其他/12.3.河北省守合同重信用企业,泰昌商务标历史目录参考：补充文件/12.其他/12.3.河北省守合同重信用企业
business-chapter-058,未发现重复，仍需审核,保留历史参考,历史目录结构参考,False,章节或表单只用于历史结构对照，不属于泰昌企业事实资产,泰昌商务补充文件,322,(三)补充文件/12.其他/12.4.中国裁判文书网查询截图,泰昌商务标历史目录参考：补充文件/12.其他/12.4.中国裁判文书网查询截图
business-chapter-059,未发现重复，仍需审核,保留历史参考,历史目录结构参考,False,章节或表单只用于历史结构对照，不属于泰昌企业事实资产,泰昌商务补充文件,323,(三)补充文件/12.其他/12.5.中国执行信息公开网查询截图,泰昌商务标历史目录参考：补充文件/12.其他/12.5.中国执行信息公开网查询截图
business-chapter-060,未发现重复，仍需审核,保留历史参考,历史目录结构参考,False,章节或表单只用于历史结构对照，不属于泰昌企业事实资产,泰昌商务补充文件,324,(三)补充文件/12.其他/12.6.一般纳税人查询截图,泰昌商务标历史目录参考：补充文件/12.其他/12.6.一般纳税人查询截图
business-chapter-061,未发现重复，仍需审核,保留历史参考,历史目录结构参考,False,章节或表单只用于历史结构对照，不属于泰昌企业事实资产,泰昌商务补充文件,325,（四）法定代表人（单位负责人）权委托书,泰昌商务标历史目录参考：法定代表人（单位负责人）权委托书
business-fact-0001,事实冲突,禁止复用,历史项目上下文,False,历史项目字段或事实值与当前基线冲突,泰昌商务补充文件,1,未归入章节,泰昌历史项目上下文历史候选第1页
business-fact-0002,事实冲突,禁止复用,历史项目上下文,False,历史项目字段或事实值与当前基线冲突,泰昌商务补充文件,4,（一）商务偏差表/1.商务偏差表,泰昌历史项目上下文历史候选第4页
business-fact-0003,事实冲突,禁止复用,历史项目上下文,False,历史项目字段或事实值与当前基线冲突,泰昌商务补充文件,4,（一）商务偏差表/1.商务偏差表,泰昌历史项目上下文历史候选第4页
business-fact-0004,精确重复，不新增,禁止新增,产品参数表,False,与现有数字资产精确重复,泰昌商务补充文件,4,（一）商务偏差表/1.商务偏差表,泰昌产品参数表历史候选第4页
business-media-0001,精确重复，不新增,禁止新增,企业证明材料,False,与现有数字资产精确重复,泰昌商务补充文件,1,未归入章节,泰昌企业证明材料历史候选第1页
business-media-0002,精确重复，不新增,禁止新增,企业证明材料,False,与现有数字资产精确重复,泰昌商务补充文件,7,(三)补充文件/2.投标人情况/2.1.投标人与国家电网公司系统人员关系说明,泰昌企业证明材料历史候选第7页
business-media-0006,精确重复，不新增,禁止新增,企业证明材料,False,与现有数字资产精确重复,泰昌商务补充文件,13,(三)补充文件/4.有效的税务登记证明,泰昌企业证明材料历史候选第13页
business-media-0007,精确重复，不新增,禁止新增,企业证明材料,False,与现有数字资产精确重复,泰昌商务补充文件,13,(三)补充文件/5.符合招标文件投标人资格要求的证明文件/5.1.符合投标邀请书投标人资格要求的证明文件（更新或补充）/5.1.1.资格预审结果通知书,泰昌企业证明材料历史候选第13页
business-media-0008,精确重复，不新增,禁止新增,项目业绩,False,与现有数字资产精确重复,泰昌商务补充文件,15,(三)补充文件/5.符合招标文件投标人资格要求的证明文件/5.1.符合投标邀请书投标人资格要求的证明文件（更新或补充）/5.1.2.资质业绩凭证单,泰昌项目业绩历史候选第15页
business-media-0066,精确重复，不新增,禁止新增,财务资料,False,与现有数字资产精确重复,泰昌商务补充文件,65,(三)补充文件/6.财务状况/6.1.新增2024年审计报告,泰昌财务资料历史候选第65页
business-media-0090,精确重复，不新增,禁止新增,绿色低碳资料,False,与现有数字资产精确重复,泰昌商务补充文件,92,(三)补充文件/7.针对评审要素，需要补充的其他文件/7.2.绿色发展规划及管理体系认证/7.2.1.绿色发展规划响应情况/（1）绿色发展规划报告,泰昌绿色低碳资料历史候选第92页
business-media-0091,精确重复，不新增,禁止新增,绿色低碳资料,False,与现有数字资产精确重复,泰昌商务补充文件,92,(三)补充文件/7.针对评审要素，需要补充的其他文件/7.2.绿色发展规划及管理体系认证/7.2.1.绿色发展规划响应情况/（1）绿色发展规划报告,泰昌绿色低碳资料历史候选第92页
business-media-0092,精确重复，不新增,禁止新增,绿色低碳资料,False,与现有数字资产精确重复,泰昌商务补充文件,92,(三)补充文件/7.针对评审要素，需要补充的其他文件/7.2.绿色发展规划及管理体系认证/7.2.1.绿色发展规划响应情况/（1）绿色发展规划报告,泰昌绿色低碳资料历史候选第92页
business-media-0093,精确重复，不新增,禁止新增,绿色低碳资料,False,与现有数字资产精确重复,泰昌商务补充文件,92,(三)补充文件/7.针对评审要素，需要补充的其他文件/7.2.绿色发展规划及管理体系认证/7.2.1.绿色发展规划响应情况/（1）绿色发展规划报告,泰昌绿色低碳资料历史候选第92页
business-media-0094,精确重复，不新增,禁止新增,绿色低碳资料,False,与现有数字资产精确重复,泰昌商务补充文件,92,(三)补充文件/7.针对评审要素，需要补充的其他文件/7.2.绿色发展规划及管理体系认证/7.2.1.绿色发展规划响应情况/（1）绿色发展规划报告,泰昌绿色低碳资料历史候选第92页
business-media-0095,精确重复，不新增,禁止新增,绿色低碳资料,False,与现有数字资产精确重复,泰昌商务补充文件,92,(三)补充文件/7.针对评审要素，需要补充的其他文件/7.2.绿色发展规划及管理体系认证/7.2.1.绿色发展规划响应情况/（1）绿色发展规划报告,泰昌绿色低碳资料历史候选第92页
business-media-0096,精确重复，不新增,禁止新增,绿色低碳资料,False,与现有数字资产精确重复,泰昌商务补充文件,92,(三)补充文件/7.针对评审要素，需要补充的其他文件/7.2.绿色发展规划及管理体系认证/7.2.1.绿色发展规划响应情况/（1）绿色发展规划报告,泰昌绿色低碳资料历史候选第92页
business-media-0097,精确重复，不新增,禁止新增,绿色低碳资料,False,与现有数字资产精确重复,泰昌商务补充文件,92,(三)补充文件/7.针对评审要素，需要补充的其他文件/7.2.绿色发展规划及管理体系认证/7.2.1.绿色发展规划响应情况/（1）绿色发展规划报告,泰昌绿色低碳资料历史候选第92页
business-media-0098,精确重复，不新增,禁止新增,绿色低碳资料,False,与现有数字资产精确重复,泰昌商务补充文件,92,(三)补充文件/7.针对评审要素，需要补充的其他文件/7.2.绿色发展规划及管理体系认证/7.2.1.绿色发展规划响应情况/（1）绿色发展规划报告,泰昌绿色低碳资料历史候选第92页
business-media-0099,精确重复，不新增,禁止新增,绿色低碳资料,False,与现有数字资产精确重复,泰昌商务补充文件,92,(三)补充文件/7.针对评审要素，需要补充的其他文件/7.2.绿色发展规划及管理体系认证/7.2.1.绿色发展规划响应情况/（1）绿色发展规划报告,泰昌绿色低碳资料历史候选第92页
business-media-0100,精确重复，不新增,禁止新增,绿色低碳资料,False,与现有数字资产精确重复,泰昌商务补充文件,92,(三)补充文件/7.针对评审要素，需要补充的其他文件/7.2.绿色发展规划及管理体系认证/7.2.1.绿色发展规划响应情况/（1）绿色发展规划报告,泰昌绿色低碳资料历史候选第92页
business-media-0101,精确重复，不新增,禁止新增,绿色低碳资料,False,与现有数字资产精确重复,泰昌商务补充文件,92,(三)补充文件/7.针对评审要素，需要补充的其他文件/7.2.绿色发展规划及管理体系认证/7.2.1.绿色发展规划响应情况/（1）绿色发展规划报告,泰昌绿色低碳资料历史候选第92页
business-media-0102,精确重复，不新增,禁止新增,绿色低碳资料,False,与现有数字资产精确重复,泰昌商务补充文件,92,(三)补充文件/7.针对评审要素，需要补充的其他文件/7.2.绿色发展规划及管理体系认证/7.2.1.绿色发展规划响应情况/（1）绿色发展规划报告,泰昌绿色低碳资料历史候选第92页
business-media-0103,精确重复，不新增,禁止新增,绿色低碳资料,False,与现有数字资产精确重复,泰昌商务补充文件,92,(三)补充文件/7.针对评审要素，需要补充的其他文件/7.2.绿色发展规划及管理体系认证/7.2.1.绿色发展规划响应情况/（1）绿色发展规划报告,泰昌绿色低碳资料历史候选第92页
business-media-0104,精确重复，不新增,禁止新增,绿色低碳资料,False,与现有数字资产精确重复,泰昌商务补充文件,92,(三)补充文件/7.针对评审要素，需要补充的其他文件/7.2.绿色发展规划及管理体系认证/7.2.1.绿色发展规划响应情况/（1）绿色发展规划报告,泰昌绿色低碳资料历史候选第92页
business-media-0105,精确重复，不新增,禁止新增,绿色低碳资料,False,与现有数字资产精确重复,泰昌商务补充文件,92,(三)补充文件/7.针对评审要素，需要补充的其他文件/7.2.绿色发展规划及管理体系认证/7.2.1.绿色发展规划响应情况/（1）绿色发展规划报告,泰昌绿色低碳资料历史候选第92页
business-media-0106,精确重复，不新增,禁止新增,绿色低碳资料,False,与现有数字资产精确重复,泰昌商务补充文件,92,(三)补充文件/7.针对评审要素，需要补充的其他文件/7.2.绿色发展规划及管理体系认证/7.2.1.绿色发展规划响应情况/（1）绿色发展规划报告,泰昌绿色低碳资料历史候选第92页
business-media-0107,精确重复，不新增,禁止新增,绿色低碳资料,False,与现有数字资产精确重复,泰昌商务补充文件,92,(三)补充文件/7.针对评审要素，需要补充的其他文件/7.2.绿色发展规划及管理体系认证/7.2.1.绿色发展规划响应情况/（1）绿色发展规划报告,泰昌绿色低碳资料历史候选第92页
business-media-0108,精确重复，不新增,禁止新增,资质证书,False,与现有数字资产精确重复,泰昌商务补充文件,110,(三)补充文件/7.针对评审要素，需要补充的其他文件/7.2.绿色发展规划及管理体系认证/7.2.2.绿色管理体系认证情况/（1）质量管理体系认证证书,泰昌资质证书历史候选第110页
business-media-0109,精确重复，不新增,禁止新增,资质证书,False,与现有数字资产精确重复,泰昌商务补充文件,110,(三)补充文件/7.针对评审要素，需要补充的其他文件/7.2.绿色发展规划及管理体系认证/7.2.2.绿色管理体系认证情况/（1）质量管理体系认证证书,泰昌资质证书历史候选第110页
business-media-0110,精确重复，不新增,禁止新增,资质证书,False,与现有数字资产精确重复,泰昌商务补充文件,113,(三)补充文件/7.针对评审要素，需要补充的其他文件/7.2.绿色发展规划及管理体系认证/7.2.2.绿色管理体系认证情况/（2）职业健康安全管理体系认证证书,泰昌资质证书历史候选第113页
business-media-0111,精确重复，不新增,禁止新增,资质证书,False,与现有数字资产精确重复,泰昌商务补充文件,113,(三)补充文件/7.针对评审要素，需要补充的其他文件/7.2.绿色发展规划及管理体系认证/7.2.2.绿色管理体系认证情况/（2）职业健康安全管理体系认证证书,泰昌资质证书历史候选第113页
business-media-0112,精确重复，不新增,禁止新增,资质证书,False,与现有数字资产精确重复,泰昌商务补充文件,113,(三)补充文件/7.针对评审要素，需要补充的其他文件/7.2.绿色发展规划及管理体系认证/7.2.2.绿色管理体系认证情况/（2）职业健康安全管理体系认证证书,泰昌资质证书历史候选第113页
business-media-0113,精确重复，不新增,禁止新增,资质证书,False,与现有数字资产精确重复,泰昌商务补充文件,116,(三)补充文件/7.针对评审要素，需要补充的其他文件/7.2.绿色发展规划及管理体系认证/7.2.2.绿色管理体系认证情况/（3）环境管理体系认证证书,泰昌资质证书历史候选第116页
business-media-0114,精确重复，不新增,禁止新增,资质证书,False,与现有数字资产精确重复,泰昌商务补充文件,116,(三)补充文件/7.针对评审要素，需要补充的其他文件/7.2.绿色发展规划及管理体系认证/7.2.2.绿色管理体系认证情况/（3）环境管理体系认证证书,泰昌资质证书历史候选第116页
business-media-0115,精确重复，不新增,禁止新增,绿色低碳资料,False,与现有数字资产精确重复,泰昌商务补充文件,117,(三)补充文件/7.针对评审要素，需要补充的其他文件/7.2.绿色发展规划及管理体系认证/7.2.3.环境影响评价情况/（1）ESG(环境、社会、公司治理)报告,泰昌绿色低碳资料历史候选第117页
business-media-0116,精确重复，不新增,禁止新增,绿色低碳资料,False,与现有数字资产精确重复,泰昌商务补充文件,117,(三)补充文件/7.针对评审要素，需要补充的其他文件/7.2.绿色发展规划及管理体系认证/7.2.3.环境影响评价情况/（1）ESG(环境、社会、公司治理)报告,泰昌绿色低碳资料历史候选第117页
business-media-0117,精确重复，不新增,禁止新增,绿色低碳资料,False,与现有数字资产精确重复,泰昌商务补充文件,117,(三)补充文件/7.针对评审要素，需要补充的其他文件/7.2.绿色发展规划及管理体系认证/7.2.3.环境影响评价情况/（1）ESG(环境、社会、公司治理)报告,泰昌绿色低碳资料历史候选第117页
business-media-0118,精确重复，不新增,禁止新增,绿色低碳资料,False,与现有数字资产精确重复,泰昌商务补充文件,117,(三)补充文件/7.针对评审要素，需要补充的其他文件/7.2.绿色发展规划及管理体系认证/7.2.3.环境影响评价情况/（1）ESG(环境、社会、公司治理)报告,泰昌绿色低碳资料历史候选第117页
business-media-0119,精确重复，不新增,禁止新增,绿色低碳资料,False,与现有数字资产精确重复,泰昌商务补充文件,117,(三)补充文件/7.针对评审要素，需要补充的其他文件/7.2.绿色发展规划及管理体系认证/7.2.3.环境影响评价情况/（1）ESG(环境、社会、公司治理)报告,泰昌绿色低碳资料历史候选第117页
business-media-0120,精确重复，不新增,禁止新增,绿色低碳资料,False,与现有数字资产精确重复,泰昌商务补充文件,117,(三)补充文件/7.针对评审要素，需要补充的其他文件/7.2.绿色发展规划及管理体系认证/7.2.3.环境影响评价情况/（1）ESG(环境、社会、公司治理)报告,泰昌绿色低碳资料历史候选第117页
business-media-0121,精确重复，不新增,禁止新增,绿色低碳资料,False,与现有数字资产精确重复,泰昌商务补充文件,117,(三)补充文件/7.针对评审要素，需要补充的其他文件/7.2.绿色发展规划及管理体系认证/7.2.3.环境影响评价情况/（1）ESG(环境、社会、公司治理)报告,泰昌绿色低碳资料历史候选第117页
business-media-0122,精确重复，不新增,禁止新增,绿色低碳资料,False,与现有数字资产精确重复,泰昌商务补充文件,117,(三)补充文件/7.针对评审要素，需要补充的其他文件/7.2.绿色发展规划及管理体系认证/7.2.3.环境影响评价情况/（1）ESG(环境、社会、公司治理)报告,泰昌绿色低碳资料历史候选第117页
business-media-0123,精确重复，不新增,禁止新增,绿色低碳资料,False,与现有数字资产精确重复,泰昌商务补充文件,117,(三)补充文件/7.针对评审要素，需要补充的其他文件/7.2.绿色发展规划及管理体系认证/7.2.3.环境影响评价情况/（1）ESG(环境、社会、公司治理)报告,泰昌绿色低碳资料历史候选第117页
business-media-0124,精确重复，不新增,禁止新增,绿色低碳资料,False,与现有数字资产精确重复,泰昌商务补充文件,117,(三)补充文件/7.针对评审要素，需要补充的其他文件/7.2.绿色发展规划及管理体系认证/7.2.3.环境影响评价情况/（1）ESG(环境、社会、公司治理)报告,泰昌绿色低碳资料历史候选第117页
business-media-0125,精确重复，不新增,禁止新增,绿色低碳资料,False,与现有数字资产精确重复,泰昌商务补充文件,117,(三)补充文件/7.针对评审要素，需要补充的其他文件/7.2.绿色发展规划及管理体系认证/7.2.3.环境影响评价情况/（1）ESG(环境、社会、公司治理)报告,泰昌绿色低碳资料历史候选第117页
business-media-0126,精确重复，不新增,禁止新增,绿色低碳资料,False,与现有数字资产精确重复,泰昌商务补充文件,117,(三)补充文件/7.针对评审要素，需要补充的其他文件/7.2.绿色发展规划及管理体系认证/7.2.3.环境影响评价情况/（1）ESG(环境、社会、公司治理)报告,泰昌绿色低碳资料历史候选第117页
business-media-0127,精确重复，不新增,禁止新增,绿色低碳资料,False,与现有数字资产精确重复,泰昌商务补充文件,117,(三)补充文件/7.针对评审要素，需要补充的其他文件/7.2.绿色发展规划及管理体系认证/7.2.3.环境影响评价情况/（1）ESG(环境、社会、公司治理)报告,泰昌绿色低碳资料历史候选第117页
business-media-0128,精确重复，不新增,禁止新增,绿色低碳资料,False,与现有数字资产精确重复,泰昌商务补充文件,117,(三)补充文件/7.针对评审要素，需要补充的其他文件/7.2.绿色发展规划及管理体系认证/7.2.3.环境影响评价情况/（1）ESG(环境、社会、公司治理)报告,泰昌绿色低碳资料历史候选第117页
business-media-0129,精确重复，不新增,禁止新增,绿色低碳资料,False,与现有数字资产精确重复,泰昌商务补充文件,117,(三)补充文件/7.针对评审要素，需要补充的其他文件/7.2.绿色发展规划及管理体系认证/7.2.3.环境影响评价情况/（1）ESG(环境、社会、公司治理)报告,泰昌绿色低碳资料历史候选第117页
business-media-0130,精确重复，不新增,禁止新增,绿色低碳资料,False,与现有数字资产精确重复,泰昌商务补充文件,117,(三)补充文件/7.针对评审要素，需要补充的其他文件/7.2.绿色发展规划及管理体系认证/7.2.3.环境影响评价情况/（1）ESG(环境、社会、公司治理)报告,泰昌绿色低碳资料历史候选第117页
business-media-0131,精确重复，不新增,禁止新增,绿色低碳资料,False,与现有数字资产精确重复,泰昌商务补充文件,117,(三)补充文件/7.针对评审要素，需要补充的其他文件/7.2.绿色发展规划及管理体系认证/7.2.3.环境影响评价情况/（1）ESG(环境、社会、公司治理)报告,泰昌绿色低碳资料历史候选第117页
business-media-0132,精确重复，不新增,禁止新增,绿色低碳资料,False,与现有数字资产精确重复,泰昌商务补充文件,117,(三)补充文件/7.针对评审要素，需要补充的其他文件/7.2.绿色发展规划及管理体系认证/7.2.3.环境影响评价情况/（1）ESG(环境、社会、公司治理)报告,泰昌绿色低碳资料历史候选第117页
business-media-0133,精确重复，不新增,禁止新增,绿色低碳资料,False,与现有数字资产精确重复,泰昌商务补充文件,117,(三)补充文件/7.针对评审要素，需要补充的其他文件/7.2.绿色发展规划及管理体系认证/7.2.3.环境影响评价情况/（1）ESG(环境、社会、公司治理)报告,泰昌绿色低碳资料历史候选第117页
business-media-0134,精确重复，不新增,禁止新增,绿色低碳资料,False,与现有数字资产精确重复,泰昌商务补充文件,117,(三)补充文件/7.针对评审要素，需要补充的其他文件/7.2.绿色发展规划及管理体系认证/7.2.3.环境影响评价情况/（1）ESG(环境、社会、公司治理)报告,泰昌绿色低碳资料历史候选第117页
business-media-0135,精确重复，不新增,禁止新增,绿色低碳资料,False,与现有数字资产精确重复,泰昌商务补充文件,117,(三)补充文件/7.针对评审要素，需要补充的其他文件/7.2.绿色发展规划及管理体系认证/7.2.3.环境影响评价情况/（1）ESG(环境、社会、公司治理)报告,泰昌绿色低碳资料历史候选第117页
business-media-0136,精确重复，不新增,禁止新增,绿色低碳资料,False,与现有数字资产精确重复,泰昌商务补充文件,117,(三)补充文件/7.针对评审要素，需要补充的其他文件/7.2.绿色发展规划及管理体系认证/7.2.3.环境影响评价情况/（1）ESG(环境、社会、公司治理)报告,泰昌绿色低碳资料历史候选第117页
business-media-0137,精确重复，不新增,禁止新增,绿色低碳资料,False,与现有数字资产精确重复,泰昌商务补充文件,117,(三)补充文件/7.针对评审要素，需要补充的其他文件/7.2.绿色发展规划及管理体系认证/7.2.3.环境影响评价情况/（1）ESG(环境、社会、公司治理)报告,泰昌绿色低碳资料历史候选第117页
business-media-0138,精确重复，不新增,禁止新增,绿色低碳资料,False,与现有数字资产精确重复,泰昌商务补充文件,117,(三)补充文件/7.针对评审要素，需要补充的其他文件/7.2.绿色发展规划及管理体系认证/7.2.3.环境影响评价情况/（1）ESG(环境、社会、公司治理)报告,泰昌绿色低碳资料历史候选第117页
business-media-0139,精确重复，不新增,禁止新增,绿色低碳资料,False,与现有数字资产精确重复,泰昌商务补充文件,117,(三)补充文件/7.针对评审要素，需要补充的其他文件/7.2.绿色发展规划及管理体系认证/7.2.3.环境影响评价情况/（1）ESG(环境、社会、公司治理)报告,泰昌绿色低碳资料历史候选第117页
business-media-0140,精确重复，不新增,禁止新增,绿色低碳资料,False,与现有数字资产精确重复,泰昌商务补充文件,117,(三)补充文件/7.针对评审要素，需要补充的其他文件/7.2.绿色发展规划及管理体系认证/7.2.3.环境影响评价情况/（1）ESG(环境、社会、公司治理)报告,泰昌绿色低碳资料历史候选第117页
business-media-0141,精确重复，不新增,禁止新增,绿色低碳资料,False,与现有数字资产精确重复,泰昌商务补充文件,117,(三)补充文件/7.针对评审要素，需要补充的其他文件/7.2.绿色发展规划及管理体系认证/7.2.3.环境影响评价情况/（1）ESG(环境、社会、公司治理)报告,泰昌绿色低碳资料历史候选第117页
business-media-0142,精确重复，不新增,禁止新增,绿色低碳资料,False,与现有数字资产精确重复,泰昌商务补充文件,117,(三)补充文件/7.针对评审要素，需要补充的其他文件/7.2.绿色发展规划及管理体系认证/7.2.3.环境影响评价情况/（1）ESG(环境、社会、公司治理)报告,泰昌绿色低碳资料历史候选第117页
business-media-0143,精确重复，不新增,禁止新增,绿色低碳资料,False,与现有数字资产精确重复,泰昌商务补充文件,117,(三)补充文件/7.针对评审要素，需要补充的其他文件/7.2.绿色发展规划及管理体系认证/7.2.3.环境影响评价情况/（1）ESG(环境、社会、公司治理)报告,泰昌绿色低碳资料历史候选第117页
business-media-0144,精确重复，不新增,禁止新增,绿色低碳资料,False,与现有数字资产精确重复,泰昌商务补充文件,117,(三)补充文件/7.针对评审要素，需要补充的其他文件/7.2.绿色发展规划及管理体系认证/7.2.3.环境影响评价情况/（1）ESG(环境、社会、公司治理)报告,泰昌绿色低碳资料历史候选第117页
business-media-0145,精确重复，不新增,禁止新增,绿色低碳资料,False,与现有数字资产精确重复,泰昌商务补充文件,117,(三)补充文件/7.针对评审要素，需要补充的其他文件/7.2.绿色发展规划及管理体系认证/7.2.3.环境影响评价情况/（1）ESG(环境、社会、公司治理)报告,泰昌绿色低碳资料历史候选第117页
business-media-0146,精确重复，不新增,禁止新增,绿色低碳资料,False,与现有数字资产精确重复,泰昌商务补充文件,117,(三)补充文件/7.针对评审要素，需要补充的其他文件/7.2.绿色发展规划及管理体系认证/7.2.3.环境影响评价情况/（1）ESG(环境、社会、公司治理)报告,泰昌绿色低碳资料历史候选第117页
business-media-0147,精确重复，不新增,禁止新增,绿色低碳资料,False,与现有数字资产精确重复,泰昌商务补充文件,117,(三)补充文件/7.针对评审要素，需要补充的其他文件/7.2.绿色发展规划及管理体系认证/7.2.3.环境影响评价情况/（1）ESG(环境、社会、公司治理)报告,泰昌绿色低碳资料历史候选第117页
business-media-0148,精确重复，不新增,禁止新增,绿色低碳资料,False,与现有数字资产精确重复,泰昌商务补充文件,117,(三)补充文件/7.针对评审要素，需要补充的其他文件/7.2.绿色发展规划及管理体系认证/7.2.3.环境影响评价情况/（1）ESG(环境、社会、公司治理)报告,泰昌绿色低碳资料历史候选第117页
business-media-0149,精确重复，不新增,禁止新增,绿色低碳资料,False,与现有数字资产精确重复,泰昌商务补充文件,117,(三)补充文件/7.针对评审要素，需要补充的其他文件/7.2.绿色发展规划及管理体系认证/7.2.3.环境影响评价情况/（1）ESG(环境、社会、公司治理)报告,泰昌绿色低碳资料历史候选第117页
business-media-0150,精确重复，不新增,禁止新增,绿色低碳资料,False,与现有数字资产精确重复,泰昌商务补充文件,117,(三)补充文件/7.针对评审要素，需要补充的其他文件/7.2.绿色发展规划及管理体系认证/7.2.3.环境影响评价情况/（1）ESG(环境、社会、公司治理)报告,泰昌绿色低碳资料历史候选第117页
business-media-0151,精确重复，不新增,禁止新增,绿色低碳资料,False,与现有数字资产精确重复,泰昌商务补充文件,117,(三)补充文件/7.针对评审要素，需要补充的其他文件/7.2.绿色发展规划及管理体系认证/7.2.3.环境影响评价情况/（1）ESG(环境、社会、公司治理)报告,泰昌绿色低碳资料历史候选第117页
business-media-0152,精确重复，不新增,禁止新增,绿色低碳资料,False,与现有数字资产精确重复,泰昌商务补充文件,117,(三)补充文件/7.针对评审要素，需要补充的其他文件/7.2.绿色发展规划及管理体系认证/7.2.3.环境影响评价情况/（1）ESG(环境、社会、公司治理)报告,泰昌绿色低碳资料历史候选第117页
business-media-0153,精确重复，不新增,禁止新增,绿色低碳资料,False,与现有数字资产精确重复,泰昌商务补充文件,117,(三)补充文件/7.针对评审要素，需要补充的其他文件/7.2.绿色发展规划及管理体系认证/7.2.3.环境影响评价情况/（1）ESG(环境、社会、公司治理)报告,泰昌绿色低碳资料历史候选第117页
business-media-0154,精确重复，不新增,禁止新增,绿色低碳资料,False,与现有数字资产精确重复,泰昌商务补充文件,157,(三)补充文件/7.针对评审要素，需要补充的其他文件/7.2.绿色发展规划及管理体系认证/7.2.3.环境影响评价情况/（2）废水、废气、废固报告,泰昌绿色低碳资料历史候选第157页
business-media-0155,精确重复，不新增,禁止新增,绿色低碳资料,False,与现有数字资产精确重复,泰昌商务补充文件,157,(三)补充文件/7.针对评审要素，需要补充的其他文件/7.2.绿色发展规划及管理体系认证/7.2.3.环境影响评价情况/（2）废水、废气、废固报告,泰昌绿色低碳资料历史候选第157页
business-media-0156,精确重复，不新增,禁止新增,绿色低碳资料,False,与现有数字资产精确重复,泰昌商务补充文件,157,(三)补充文件/7.针对评审要素，需要补充的其他文件/7.2.绿色发展规划及管理体系认证/7.2.3.环境影响评价情况/（2）废水、废气、废固报告,泰昌绿色低碳资料历史候选第157页
business-media-0157,精确重复，不新增,禁止新增,绿色低碳资料,False,与现有数字资产精确重复,泰昌商务补充文件,157,(三)补充文件/7.针对评审要素，需要补充的其他文件/7.2.绿色发展规划及管理体系认证/7.2.3.环境影响评价情况/（2）废水、废气、废固报告,泰昌绿色低碳资料历史候选第157页
business-media-0158,精确重复，不新增,禁止新增,绿色低碳资料,False,与现有数字资产精确重复,泰昌商务补充文件,157,(三)补充文件/7.针对评审要素，需要补充的其他文件/7.2.绿色发展规划及管理体系认证/7.2.3.环境影响评价情况/（2）废水、废气、废固报告,泰昌绿色低碳资料历史候选第157页
business-media-0159,精确重复，不新增,禁止新增,绿色低碳资料,False,与现有数字资产精确重复,泰昌商务补充文件,157,(三)补充文件/7.针对评审要素，需要补充的其他文件/7.2.绿色发展规划及管理体系认证/7.2.3.环境影响评价情况/（2）废水、废气、废固报告,泰昌绿色低碳资料历史候选第157页
business-media-0160,精确重复，不新增,禁止新增,绿色低碳资料,False,与现有数字资产精确重复,泰昌商务补充文件,157,(三)补充文件/7.针对评审要素，需要补充的其他文件/7.2.绿色发展规划及管理体系认证/7.2.3.环境影响评价情况/（2）废水、废气、废固报告,泰昌绿色低碳资料历史候选第157页
business-media-0161,精确重复，不新增,禁止新增,绿色低碳资料,False,与现有数字资产精确重复,泰昌商务补充文件,157,(三)补充文件/7.针对评审要素，需要补充的其他文件/7.2.绿色发展规划及管理体系认证/7.2.3.环境影响评价情况/（2）废水、废气、废固报告,泰昌绿色低碳资料历史候选第157页
business-media-0162,精确重复，不新增,禁止新增,绿色低碳资料,False,与现有数字资产精确重复,泰昌商务补充文件,157,(三)补充文件/7.针对评审要素，需要补充的其他文件/7.2.绿色发展规划及管理体系认证/7.2.3.环境影响评价情况/（2）废水、废气、废固报告,泰昌绿色低碳资料历史候选第157页
business-media-0163,精确重复，不新增,禁止新增,绿色低碳资料,False,与现有数字资产精确重复,泰昌商务补充文件,157,(三)补充文件/7.针对评审要素，需要补充的其他文件/7.2.绿色发展规划及管理体系认证/7.2.3.环境影响评价情况/（2）废水、废气、废固报告,泰昌绿色低碳资料历史候选第157页
business-media-0164,精确重复，不新增,禁止新增,绿色低碳资料,False,与现有数字资产精确重复,泰昌商务补充文件,157,(三)补充文件/7.针对评审要素，需要补充的其他文件/7.2.绿色发展规划及管理体系认证/7.2.3.环境影响评价情况/（2）废水、废气、废固报告,泰昌绿色低碳资料历史候选第157页
business-media-0165,精确重复，不新增,禁止新增,绿色低碳资料,False,与现有数字资产精确重复,泰昌商务补充文件,157,(三)补充文件/7.针对评审要素，需要补充的其他文件/7.2.绿色发展规划及管理体系认证/7.2.3.环境影响评价情况/（2）废水、废气、废固报告,泰昌绿色低碳资料历史候选第157页
business-media-0166,精确重复，不新增,禁止新增,绿色低碳资料,False,与现有数字资产精确重复,泰昌商务补充文件,157,(三)补充文件/7.针对评审要素，需要补充的其他文件/7.2.绿色发展规划及管理体系认证/7.2.3.环境影响评价情况/（2）废水、废气、废固报告,泰昌绿色低碳资料历史候选第157页
business-media-0167,精确重复，不新增,禁止新增,绿色低碳资料,False,与现有数字资产精确重复,泰昌商务补充文件,157,(三)补充文件/7.针对评审要素，需要补充的其他文件/7.2.绿色发展规划及管理体系认证/7.2.3.环境影响评价情况/（2）废水、废气、废固报告,泰昌绿色低碳资料历史候选第157页
business-media-0168,精确重复，不新增,禁止新增,绿色低碳资料,False,与现有数字资产精确重复,泰昌商务补充文件,157,(三)补充文件/7.针对评审要素，需要补充的其他文件/7.2.绿色发展规划及管理体系认证/7.2.3.环境影响评价情况/（2）废水、废气、废固报告,泰昌绿色低碳资料历史候选第157页
business-media-0169,精确重复，不新增,禁止新增,绿色低碳资料,False,与现有数字资产精确重复,泰昌商务补充文件,157,(三)补充文件/7.针对评审要素，需要补充的其他文件/7.2.绿色发展规划及管理体系认证/7.2.3.环境影响评价情况/（2）废水、废气、废固报告,泰昌绿色低碳资料历史候选第157页
business-media-0170,精确重复，不新增,禁止新增,绿色低碳资料,False,与现有数字资产精确重复,泰昌商务补充文件,157,(三)补充文件/7.针对评审要素，需要补充的其他文件/7.2.绿色发展规划及管理体系认证/7.2.3.环境影响评价情况/（2）废水、废气、废固报告,泰昌绿色低碳资料历史候选第157页
business-media-0171,精确重复，不新增,禁止新增,绿色低碳资料,False,与现有数字资产精确重复,泰昌商务补充文件,157,(三)补充文件/7.针对评审要素，需要补充的其他文件/7.2.绿色发展规划及管理体系认证/7.2.3.环境影响评价情况/（2）废水、废气、废固报告,泰昌绿色低碳资料历史候选第157页
business-media-0172,精确重复，不新增,禁止新增,绿色低碳资料,False,与现有数字资产精确重复,泰昌商务补充文件,157,(三)补充文件/7.针对评审要素，需要补充的其他文件/7.2.绿色发展规划及管理体系认证/7.2.3.环境影响评价情况/（2）废水、废气、废固报告,泰昌绿色低碳资料历史候选第157页
business-media-0173,精确重复，不新增,禁止新增,绿色低碳资料,False,与现有数字资产精确重复,泰昌商务补充文件,157,(三)补充文件/7.针对评审要素，需要补充的其他文件/7.2.绿色发展规划及管理体系认证/7.2.3.环境影响评价情况/（2）废水、废气、废固报告,泰昌绿色低碳资料历史候选第157页
business-media-0174,精确重复，不新增,禁止新增,绿色低碳资料,False,与现有数字资产精确重复,泰昌商务补充文件,157,(三)补充文件/7.针对评审要素，需要补充的其他文件/7.2.绿色发展规划及管理体系认证/7.2.3.环境影响评价情况/（2）废水、废气、废固报告,泰昌绿色低碳资料历史候选第157页
business-media-0175,精确重复，不新增,禁止新增,绿色低碳资料,False,与现有数字资产精确重复,泰昌商务补充文件,157,(三)补充文件/7.针对评审要素，需要补充的其他文件/7.2.绿色发展规划及管理体系认证/7.2.3.环境影响评价情况/（2）废水、废气、废固报告,泰昌绿色低碳资料历史候选第157页
business-media-0176,精确重复，不新增,禁止新增,绿色低碳资料,False,与现有数字资产精确重复,泰昌商务补充文件,157,(三)补充文件/7.针对评审要素，需要补充的其他文件/7.2.绿色发展规划及管理体系认证/7.2.3.环境影响评价情况/（2）废水、废气、废固报告,泰昌绿色低碳资料历史候选第157页
business-media-0177,精确重复，不新增,禁止新增,绿色低碳资料,False,与现有数字资产精确重复,泰昌商务补充文件,157,(三)补充文件/7.针对评审要素，需要补充的其他文件/7.2.绿色发展规划及管理体系认证/7.2.3.环境影响评价情况/（2）废水、废气、废固报告,泰昌绿色低碳资料历史候选第157页
business-media-0178,精确重复，不新增,禁止新增,绿色低碳资料,False,与现有数字资产精确重复,泰昌商务补充文件,157,(三)补充文件/7.针对评审要素，需要补充的其他文件/7.2.绿色发展规划及管理体系认证/7.2.3.环境影响评价情况/（2）废水、废气、废固报告,泰昌绿色低碳资料历史候选第157页
business-media-0179,精确重复，不新增,禁止新增,绿色低碳资料,False,与现有数字资产精确重复,泰昌商务补充文件,157,(三)补充文件/7.针对评审要素，需要补充的其他文件/7.2.绿色发展规划及管理体系认证/7.2.3.环境影响评价情况/（2）废水、废气、废固报告,泰昌绿色低碳资料历史候选第157页
business-media-0180,精确重复，不新增,禁止新增,绿色低碳资料,False,与现有数字资产精确重复,泰昌商务补充文件,157,(三)补充文件/7.针对评审要素，需要补充的其他文件/7.2.绿色发展规划及管理体系认证/7.2.3.环境影响评价情况/（2）废水、废气、废固报告,泰昌绿色低碳资料历史候选第157页
business-media-0181,精确重复，不新增,禁止新增,绿色低碳资料,False,与现有数字资产精确重复,泰昌商务补充文件,157,(三)补充文件/7.针对评审要素，需要补充的其他文件/7.2.绿色发展规划及管理体系认证/7.2.3.环境影响评价情况/（2）废水、废气、废固报告,泰昌绿色低碳资料历史候选第157页
business-media-0182,精确重复，不新增,禁止新增,绿色低碳资料,False,与现有数字资产精确重复,泰昌商务补充文件,157,(三)补充文件/7.针对评审要素，需要补充的其他文件/7.2.绿色发展规划及管理体系认证/7.2.3.环境影响评价情况/（2）废水、废气、废固报告,泰昌绿色低碳资料历史候选第157页
business-media-0183,精确重复，不新增,禁止新增,绿色低碳资料,False,与现有数字资产精确重复,泰昌商务补充文件,157,(三)补充文件/7.针对评审要素，需要补充的其他文件/7.2.绿色发展规划及管理体系认证/7.2.3.环境影响评价情况/（2）废水、废气、废固报告,泰昌绿色低碳资料历史候选第157页
business-media-0184,精确重复，不新增,禁止新增,绿色低碳资料,False,与现有数字资产精确重复,泰昌商务补充文件,157,(三)补充文件/7.针对评审要素，需要补充的其他文件/7.2.绿色发展规划及管理体系认证/7.2.3.环境影响评价情况/（2）废水、废气、废固报告,泰昌绿色低碳资料历史候选第157页
business-media-0185,精确重复，不新增,禁止新增,绿色低碳资料,False,与现有数字资产精确重复,泰昌商务补充文件,157,(三)补充文件/7.针对评审要素，需要补充的其他文件/7.2.绿色发展规划及管理体系认证/7.2.3.环境影响评价情况/（2）废水、废气、废固报告,泰昌绿色低碳资料历史候选第157页
business-media-0186,精确重复，不新增,禁止新增,绿色低碳资料,False,与现有数字资产精确重复,泰昌商务补充文件,157,(三)补充文件/7.针对评审要素，需要补充的其他文件/7.2.绿色发展规划及管理体系认证/7.2.3.环境影响评价情况/（2）废水、废气、废固报告,泰昌绿色低碳资料历史候选第157页
business-media-0187,精确重复，不新增,禁止新增,绿色低碳资料,False,与现有数字资产精确重复,泰昌商务补充文件,157,(三)补充文件/7.针对评审要素，需要补充的其他文件/7.2.绿色发展规划及管理体系认证/7.2.3.环境影响评价情况/（2）废水、废气、废固报告,泰昌绿色低碳资料历史候选第157页
business-media-0188,精确重复，不新增,禁止新增,绿色低碳资料,False,与现有数字资产精确重复,泰昌商务补充文件,157,(三)补充文件/7.针对评审要素，需要补充的其他文件/7.2.绿色发展规划及管理体系认证/7.2.3.环境影响评价情况/（2）废水、废气、废固报告,泰昌绿色低碳资料历史候选第157页
business-media-0189,精确重复，不新增,禁止新增,绿色低碳资料,False,与现有数字资产精确重复,泰昌商务补充文件,191,(三)补充文件/7.针对评审要素，需要补充的其他文件/7.2.绿色发展规划及管理体系认证/7.2.3.环境影响评价情况/（3）现状环境影响评估报告,泰昌绿色低碳资料历史候选第191页
business-media-0190,精确重复，不新增,禁止新增,绿色低碳资料,False,与现有数字资产精确重复,泰昌商务补充文件,191,(三)补充文件/7.针对评审要素，需要补充的其他文件/7.2.绿色发展规划及管理体系认证/7.2.3.环境影响评价情况/（3）现状环境影响评估报告,泰昌绿色低碳资料历史候选第191页
business-media-0191,精确重复，不新增,禁止新增,绿色低碳资料,False,与现有数字资产精确重复,泰昌商务补充文件,191,(三)补充文件/7.针对评审要素，需要补充的其他文件/7.2.绿色发展规划及管理体系认证/7.2.3.环境影响评价情况/（3）现状环境影响评估报告,泰昌绿色低碳资料历史候选第191页
business-media-0192,精确重复，不新增,禁止新增,绿色低碳资料,False,与现有数字资产精确重复,泰昌商务补充文件,191,(三)补充文件/7.针对评审要素，需要补充的其他文件/7.2.绿色发展规划及管理体系认证/7.2.3.环境影响评价情况/（3）现状环境影响评估报告,泰昌绿色低碳资料历史候选第191页
business-media-0193,精确重复，不新增,禁止新增,绿色低碳资料,False,与现有数字资产精确重复,泰昌商务补充文件,191,(三)补充文件/7.针对评审要素，需要补充的其他文件/7.2.绿色发展规划及管理体系认证/7.2.3.环境影响评价情况/（3）现状环境影响评估报告,泰昌绿色低碳资料历史候选第191页
business-media-0194,精确重复，不新增,禁止新增,绿色低碳资料,False,与现有数字资产精确重复,泰昌商务补充文件,191,(三)补充文件/7.针对评审要素，需要补充的其他文件/7.2.绿色发展规划及管理体系认证/7.2.3.环境影响评价情况/（3）现状环境影响评估报告,泰昌绿色低碳资料历史候选第191页
business-media-0195,精确重复，不新增,禁止新增,绿色低碳资料,False,与现有数字资产精确重复,泰昌商务补充文件,191,(三)补充文件/7.针对评审要素，需要补充的其他文件/7.2.绿色发展规划及管理体系认证/7.2.3.环境影响评价情况/（3）现状环境影响评估报告,泰昌绿色低碳资料历史候选第191页
business-media-0196,精确重复，不新增,禁止新增,绿色低碳资料,False,与现有数字资产精确重复,泰昌商务补充文件,191,(三)补充文件/7.针对评审要素，需要补充的其他文件/7.2.绿色发展规划及管理体系认证/7.2.3.环境影响评价情况/（3）现状环境影响评估报告,泰昌绿色低碳资料历史候选第191页
business-media-0197,精确重复，不新增,禁止新增,绿色低碳资料,False,与现有数字资产精确重复,泰昌商务补充文件,191,(三)补充文件/7.针对评审要素，需要补充的其他文件/7.2.绿色发展规划及管理体系认证/7.2.3.环境影响评价情况/（3）现状环境影响评估报告,泰昌绿色低碳资料历史候选第191页
business-media-0198,精确重复，不新增,禁止新增,绿色低碳资料,False,与现有数字资产精确重复,泰昌商务补充文件,191,(三)补充文件/7.针对评审要素，需要补充的其他文件/7.2.绿色发展规划及管理体系认证/7.2.3.环境影响评价情况/（3）现状环境影响评估报告,泰昌绿色低碳资料历史候选第191页
business-media-0199,精确重复，不新增,禁止新增,绿色低碳资料,False,与现有数字资产精确重复,泰昌商务补充文件,191,(三)补充文件/7.针对评审要素，需要补充的其他文件/7.2.绿色发展规划及管理体系认证/7.2.3.环境影响评价情况/（3）现状环境影响评估报告,泰昌绿色低碳资料历史候选第191页
business-media-0200,精确重复，不新增,禁止新增,绿色低碳资料,False,与现有数字资产精确重复,泰昌商务补充文件,191,(三)补充文件/7.针对评审要素，需要补充的其他文件/7.2.绿色发展规划及管理体系认证/7.2.3.环境影响评价情况/（3）现状环境影响评估报告,泰昌绿色低碳资料历史候选第191页
business-media-0201,精确重复，不新增,禁止新增,绿色低碳资料,False,与现有数字资产精确重复,泰昌商务补充文件,191,(三)补充文件/7.针对评审要素，需要补充的其他文件/7.2.绿色发展规划及管理体系认证/7.2.3.环境影响评价情况/（3）现状环境影响评估报告,泰昌绿色低碳资料历史候选第191页
business-media-0202,精确重复，不新增,禁止新增,绿色低碳资料,False,与现有数字资产精确重复,泰昌商务补充文件,191,(三)补充文件/7.针对评审要素，需要补充的其他文件/7.2.绿色发展规划及管理体系认证/7.2.3.环境影响评价情况/（3）现状环境影响评估报告,泰昌绿色低碳资料历史候选第191页
business-media-0203,精确重复，不新增,禁止新增,绿色低碳资料,False,与现有数字资产精确重复,泰昌商务补充文件,191,(三)补充文件/7.针对评审要素，需要补充的其他文件/7.2.绿色发展规划及管理体系认证/7.2.3.环境影响评价情况/（3）现状环境影响评估报告,泰昌绿色低碳资料历史候选第191页
business-media-0204,精确重复，不新增,禁止新增,绿色低碳资料,False,与现有数字资产精确重复,泰昌商务补充文件,191,(三)补充文件/7.针对评审要素，需要补充的其他文件/7.2.绿色发展规划及管理体系认证/7.2.3.环境影响评价情况/（3）现状环境影响评估报告,泰昌绿色低碳资料历史候选第191页
business-media-0205,精确重复，不新增,禁止新增,绿色低碳资料,False,与现有数字资产精确重复,泰昌商务补充文件,191,(三)补充文件/7.针对评审要素，需要补充的其他文件/7.2.绿色发展规划及管理体系认证/7.2.3.环境影响评价情况/（3）现状环境影响评估报告,泰昌绿色低碳资料历史候选第191页
business-media-0206,精确重复，不新增,禁止新增,绿色低碳资料,False,与现有数字资产精确重复,泰昌商务补充文件,191,(三)补充文件/7.针对评审要素，需要补充的其他文件/7.2.绿色发展规划及管理体系认证/7.2.3.环境影响评价情况/（3）现状环境影响评估报告,泰昌绿色低碳资料历史候选第191页
business-media-0207,精确重复，不新增,禁止新增,绿色低碳资料,False,与现有数字资产精确重复,泰昌商务补充文件,191,(三)补充文件/7.针对评审要素，需要补充的其他文件/7.2.绿色发展规划及管理体系认证/7.2.3.环境影响评价情况/（3）现状环境影响评估报告,泰昌绿色低碳资料历史候选第191页
business-media-0208,精确重复，不新增,禁止新增,绿色低碳资料,False,与现有数字资产精确重复,泰昌商务补充文件,191,(三)补充文件/7.针对评审要素，需要补充的其他文件/7.2.绿色发展规划及管理体系认证/7.2.3.环境影响评价情况/（3）现状环境影响评估报告,泰昌绿色低碳资料历史候选第191页
business-media-0209,精确重复，不新增,禁止新增,绿色低碳资料,False,与现有数字资产精确重复,泰昌商务补充文件,191,(三)补充文件/7.针对评审要素，需要补充的其他文件/7.2.绿色发展规划及管理体系认证/7.2.3.环境影响评价情况/（3）现状环境影响评估报告,泰昌绿色低碳资料历史候选第191页
business-media-0210,精确重复，不新增,禁止新增,绿色低碳资料,False,与现有数字资产精确重复,泰昌商务补充文件,191,(三)补充文件/7.针对评审要素，需要补充的其他文件/7.2.绿色发展规划及管理体系认证/7.2.3.环境影响评价情况/（3）现状环境影响评估报告,泰昌绿色低碳资料历史候选第191页
business-media-0211,精确重复，不新增,禁止新增,绿色低碳资料,False,与现有数字资产精确重复,泰昌商务补充文件,191,(三)补充文件/7.针对评审要素，需要补充的其他文件/7.2.绿色发展规划及管理体系认证/7.2.3.环境影响评价情况/（3）现状环境影响评估报告,泰昌绿色低碳资料历史候选第191页
business-media-0212,精确重复，不新增,禁止新增,绿色低碳资料,False,与现有数字资产精确重复,泰昌商务补充文件,191,(三)补充文件/7.针对评审要素，需要补充的其他文件/7.2.绿色发展规划及管理体系认证/7.2.3.环境影响评价情况/（3）现状环境影响评估报告,泰昌绿色低碳资料历史候选第191页
business-media-0213,精确重复，不新增,禁止新增,绿色低碳资料,False,与现有数字资产精确重复,泰昌商务补充文件,191,(三)补充文件/7.针对评审要素，需要补充的其他文件/7.2.绿色发展规划及管理体系认证/7.2.3.环境影响评价情况/（3）现状环境影响评估报告,泰昌绿色低碳资料历史候选第191页
business-media-0214,精确重复，不新增,禁止新增,绿色低碳资料,False,与现有数字资产精确重复,泰昌商务补充文件,191,(三)补充文件/7.针对评审要素，需要补充的其他文件/7.2.绿色发展规划及管理体系认证/7.2.3.环境影响评价情况/（3）现状环境影响评估报告,泰昌绿色低碳资料历史候选第191页
business-media-0215,精确重复，不新增,禁止新增,绿色低碳资料,False,与现有数字资产精确重复,泰昌商务补充文件,191,(三)补充文件/7.针对评审要素，需要补充的其他文件/7.2.绿色发展规划及管理体系认证/7.2.3.环境影响评价情况/（3）现状环境影响评估报告,泰昌绿色低碳资料历史候选第191页
business-media-0216,精确重复，不新增,禁止新增,绿色低碳资料,False,与现有数字资产精确重复,泰昌商务补充文件,191,(三)补充文件/7.针对评审要素，需要补充的其他文件/7.2.绿色发展规划及管理体系认证/7.2.3.环境影响评价情况/（3）现状环境影响评估报告,泰昌绿色低碳资料历史候选第191页
business-media-0217,精确重复，不新增,禁止新增,绿色低碳资料,False,与现有数字资产精确重复,泰昌商务补充文件,191,(三)补充文件/7.针对评审要素，需要补充的其他文件/7.2.绿色发展规划及管理体系认证/7.2.3.环境影响评价情况/（3）现状环境影响评估报告,泰昌绿色低碳资料历史候选第191页
business-media-0218,精确重复，不新增,禁止新增,绿色低碳资料,False,与现有数字资产精确重复,泰昌商务补充文件,191,(三)补充文件/7.针对评审要素，需要补充的其他文件/7.2.绿色发展规划及管理体系认证/7.2.3.环境影响评价情况/（3）现状环境影响评估报告,泰昌绿色低碳资料历史候选第191页
business-media-0219,精确重复，不新增,禁止新增,绿色低碳资料,False,与现有数字资产精确重复,泰昌商务补充文件,191,(三)补充文件/7.针对评审要素，需要补充的其他文件/7.2.绿色发展规划及管理体系认证/7.2.3.环境影响评价情况/（3）现状环境影响评估报告,泰昌绿色低碳资料历史候选第191页
business-media-0220,精确重复，不新增,禁止新增,绿色低碳资料,False,与现有数字资产精确重复,泰昌商务补充文件,191,(三)补充文件/7.针对评审要素，需要补充的其他文件/7.2.绿色发展规划及管理体系认证/7.2.3.环境影响评价情况/（3）现状环境影响评估报告,泰昌绿色低碳资料历史候选第191页
business-media-0221,精确重复，不新增,禁止新增,绿色低碳资料,False,与现有数字资产精确重复,泰昌商务补充文件,191,(三)补充文件/7.针对评审要素，需要补充的其他文件/7.2.绿色发展规划及管理体系认证/7.2.3.环境影响评价情况/（3）现状环境影响评估报告,泰昌绿色低碳资料历史候选第191页
business-media-0222,精确重复，不新增,禁止新增,绿色低碳资料,False,与现有数字资产精确重复,泰昌商务补充文件,191,(三)补充文件/7.针对评审要素，需要补充的其他文件/7.2.绿色发展规划及管理体系认证/7.2.3.环境影响评价情况/（3）现状环境影响评估报告,泰昌绿色低碳资料历史候选第191页
business-media-0223,精确重复，不新增,禁止新增,绿色低碳资料,False,与现有数字资产精确重复,泰昌商务补充文件,191,(三)补充文件/7.针对评审要素，需要补充的其他文件/7.2.绿色发展规划及管理体系认证/7.2.3.环境影响评价情况/（3）现状环境影响评估报告,泰昌绿色低碳资料历史候选第191页
business-media-0224,精确重复，不新增,禁止新增,绿色低碳资料,False,与现有数字资产精确重复,泰昌商务补充文件,191,(三)补充文件/7.针对评审要素，需要补充的其他文件/7.2.绿色发展规划及管理体系认证/7.2.3.环境影响评价情况/（3）现状环境影响评估报告,泰昌绿色低碳资料历史候选第191页
business-media-0225,精确重复，不新增,禁止新增,绿色低碳资料,False,与现有数字资产精确重复,泰昌商务补充文件,191,(三)补充文件/7.针对评审要素，需要补充的其他文件/7.2.绿色发展规划及管理体系认证/7.2.3.环境影响评价情况/（3）现状环境影响评估报告,泰昌绿色低碳资料历史候选第191页
business-media-0226,精确重复，不新增,禁止新增,绿色低碳资料,False,与现有数字资产精确重复,泰昌商务补充文件,191,(三)补充文件/7.针对评审要素，需要补充的其他文件/7.2.绿色发展规划及管理体系认证/7.2.3.环境影响评价情况/（3）现状环境影响评估报告,泰昌绿色低碳资料历史候选第191页
business-media-0227,精确重复，不新增,禁止新增,绿色低碳资料,False,与现有数字资产精确重复,泰昌商务补充文件,191,(三)补充文件/7.针对评审要素，需要补充的其他文件/7.2.绿色发展规划及管理体系认证/7.2.3.环境影响评价情况/（3）现状环境影响评估报告,泰昌绿色低碳资料历史候选第191页
business-media-0228,精确重复，不新增,禁止新增,绿色低碳资料,False,与现有数字资产精确重复,泰昌商务补充文件,191,(三)补充文件/7.针对评审要素，需要补充的其他文件/7.2.绿色发展规划及管理体系认证/7.2.3.环境影响评价情况/（3）现状环境影响评估报告,泰昌绿色低碳资料历史候选第191页
business-media-0229,精确重复，不新增,禁止新增,绿色低碳资料,False,与现有数字资产精确重复,泰昌商务补充文件,191,(三)补充文件/7.针对评审要素，需要补充的其他文件/7.2.绿色发展规划及管理体系认证/7.2.3.环境影响评价情况/（3）现状环境影响评估报告,泰昌绿色低碳资料历史候选第191页
business-media-0230,精确重复，不新增,禁止新增,绿色低碳资料,False,与现有数字资产精确重复,泰昌商务补充文件,191,(三)补充文件/7.针对评审要素，需要补充的其他文件/7.2.绿色发展规划及管理体系认证/7.2.3.环境影响评价情况/（3）现状环境影响评估报告,泰昌绿色低碳资料历史候选第191页
business-media-0231,精确重复，不新增,禁止新增,绿色低碳资料,False,与现有数字资产精确重复,泰昌商务补充文件,191,(三)补充文件/7.针对评审要素，需要补充的其他文件/7.2.绿色发展规划及管理体系认证/7.2.3.环境影响评价情况/（3）现状环境影响评估报告,泰昌绿色低碳资料历史候选第191页
business-media-0232,精确重复，不新增,禁止新增,绿色低碳资料,False,与现有数字资产精确重复,泰昌商务补充文件,191,(三)补充文件/7.针对评审要素，需要补充的其他文件/7.2.绿色发展规划及管理体系认证/7.2.3.环境影响评价情况/（3）现状环境影响评估报告,泰昌绿色低碳资料历史候选第191页
business-media-0233,精确重复，不新增,禁止新增,绿色低碳资料,False,与现有数字资产精确重复,泰昌商务补充文件,191,(三)补充文件/7.针对评审要素，需要补充的其他文件/7.2.绿色发展规划及管理体系认证/7.2.3.环境影响评价情况/（3）现状环境影响评估报告,泰昌绿色低碳资料历史候选第191页
business-media-0234,精确重复，不新增,禁止新增,绿色低碳资料,False,与现有数字资产精确重复,泰昌商务补充文件,191,(三)补充文件/7.针对评审要素，需要补充的其他文件/7.2.绿色发展规划及管理体系认证/7.2.3.环境影响评价情况/（3）现状环境影响评估报告,泰昌绿色低碳资料历史候选第191页
business-media-0235,精确重复，不新增,禁止新增,绿色低碳资料,False,与现有数字资产精确重复,泰昌商务补充文件,191,(三)补充文件/7.针对评审要素，需要补充的其他文件/7.2.绿色发展规划及管理体系认证/7.2.3.环境影响评价情况/（3）现状环境影响评估报告,泰昌绿色低碳资料历史候选第191页
business-media-0236,精确重复，不新增,禁止新增,绿色低碳资料,False,与现有数字资产精确重复,泰昌商务补充文件,191,(三)补充文件/7.针对评审要素，需要补充的其他文件/7.2.绿色发展规划及管理体系认证/7.2.3.环境影响评价情况/（3）现状环境影响评估报告,泰昌绿色低碳资料历史候选第191页
business-media-0237,精确重复，不新增,禁止新增,绿色低碳资料,False,与现有数字资产精确重复,泰昌商务补充文件,191,(三)补充文件/7.针对评审要素，需要补充的其他文件/7.2.绿色发展规划及管理体系认证/7.2.3.环境影响评价情况/（3）现状环境影响评估报告,泰昌绿色低碳资料历史候选第191页
business-media-0238,精确重复，不新增,禁止新增,绿色低碳资料,False,与现有数字资产精确重复,泰昌商务补充文件,191,(三)补充文件/7.针对评审要素，需要补充的其他文件/7.2.绿色发展规划及管理体系认证/7.2.3.环境影响评价情况/（3）现状环境影响评估报告,泰昌绿色低碳资料历史候选第191页
business-media-0239,精确重复，不新增,禁止新增,绿色低碳资料,False,与现有数字资产精确重复,泰昌商务补充文件,191,(三)补充文件/7.针对评审要素，需要补充的其他文件/7.2.绿色发展规划及管理体系认证/7.2.3.环境影响评价情况/（3）现状环境影响评估报告,泰昌绿色低碳资料历史候选第191页
business-media-0240,精确重复，不新增,禁止新增,绿色低碳资料,False,与现有数字资产精确重复,泰昌商务补充文件,191,(三)补充文件/7.针对评审要素，需要补充的其他文件/7.2.绿色发展规划及管理体系认证/7.2.3.环境影响评价情况/（3）现状环境影响评估报告,泰昌绿色低碳资料历史候选第191页
business-media-0241,精确重复，不新增,禁止新增,绿色低碳资料,False,与现有数字资产精确重复,泰昌商务补充文件,191,(三)补充文件/7.针对评审要素，需要补充的其他文件/7.2.绿色发展规划及管理体系认证/7.2.3.环境影响评价情况/（3）现状环境影响评估报告,泰昌绿色低碳资料历史候选第191页
business-media-0242,精确重复，不新增,禁止新增,绿色低碳资料,False,与现有数字资产精确重复,泰昌商务补充文件,191,(三)补充文件/7.针对评审要素，需要补充的其他文件/7.2.绿色发展规划及管理体系认证/7.2.3.环境影响评价情况/（3）现状环境影响评估报告,泰昌绿色低碳资料历史候选第191页
business-media-0243,精确重复，不新增,禁止新增,绿色低碳资料,False,与现有数字资产精确重复,泰昌商务补充文件,191,(三)补充文件/7.针对评审要素，需要补充的其他文件/7.2.绿色发展规划及管理体系认证/7.2.3.环境影响评价情况/（3）现状环境影响评估报告,泰昌绿色低碳资料历史候选第191页
business-media-0244,精确重复，不新增,禁止新增,绿色低碳资料,False,与现有数字资产精确重复,泰昌商务补充文件,191,(三)补充文件/7.针对评审要素，需要补充的其他文件/7.2.绿色发展规划及管理体系认证/7.2.3.环境影响评价情况/（3）现状环境影响评估报告,泰昌绿色低碳资料历史候选第191页
business-media-0245,精确重复，不新增,禁止新增,绿色低碳资料,False,与现有数字资产精确重复,泰昌商务补充文件,191,(三)补充文件/7.针对评审要素，需要补充的其他文件/7.2.绿色发展规划及管理体系认证/7.2.3.环境影响评价情况/（3）现状环境影响评估报告,泰昌绿色低碳资料历史候选第191页
business-media-0246,精确重复，不新增,禁止新增,绿色低碳资料,False,与现有数字资产精确重复,泰昌商务补充文件,191,(三)补充文件/7.针对评审要素，需要补充的其他文件/7.2.绿色发展规划及管理体系认证/7.2.3.环境影响评价情况/（3）现状环境影响评估报告,泰昌绿色低碳资料历史候选第191页
business-media-0247,精确重复，不新增,禁止新增,绿色低碳资料,False,与现有数字资产精确重复,泰昌商务补充文件,191,(三)补充文件/7.针对评审要素，需要补充的其他文件/7.2.绿色发展规划及管理体系认证/7.2.3.环境影响评价情况/（3）现状环境影响评估报告,泰昌绿色低碳资料历史候选第191页
business-media-0248,精确重复，不新增,禁止新增,绿色低碳资料,False,与现有数字资产精确重复,泰昌商务补充文件,191,(三)补充文件/7.针对评审要素，需要补充的其他文件/7.2.绿色发展规划及管理体系认证/7.2.3.环境影响评价情况/（3）现状环境影响评估报告,泰昌绿色低碳资料历史候选第191页
business-media-0249,精确重复，不新增,禁止新增,绿色低碳资料,False,与现有数字资产精确重复,泰昌商务补充文件,191,(三)补充文件/7.针对评审要素，需要补充的其他文件/7.2.绿色发展规划及管理体系认证/7.2.3.环境影响评价情况/（3）现状环境影响评估报告,泰昌绿色低碳资料历史候选第191页
business-media-0250,精确重复，不新增,禁止新增,绿色低碳资料,False,与现有数字资产精确重复,泰昌商务补充文件,191,(三)补充文件/7.针对评审要素，需要补充的其他文件/7.2.绿色发展规划及管理体系认证/7.2.3.环境影响评价情况/（3）现状环境影响评估报告,泰昌绿色低碳资料历史候选第191页
business-media-0251,精确重复，不新增,禁止新增,绿色低碳资料,False,与现有数字资产精确重复,泰昌商务补充文件,191,(三)补充文件/7.针对评审要素，需要补充的其他文件/7.2.绿色发展规划及管理体系认证/7.2.3.环境影响评价情况/（3）现状环境影响评估报告,泰昌绿色低碳资料历史候选第191页
business-media-0252,精确重复，不新增,禁止新增,绿色低碳资料,False,与现有数字资产精确重复,泰昌商务补充文件,191,(三)补充文件/7.针对评审要素，需要补充的其他文件/7.2.绿色发展规划及管理体系认证/7.2.3.环境影响评价情况/（3）现状环境影响评估报告,泰昌绿色低碳资料历史候选第191页
business-media-0253,精确重复，不新增,禁止新增,绿色低碳资料,False,与现有数字资产精确重复,泰昌商务补充文件,191,(三)补充文件/7.针对评审要素，需要补充的其他文件/7.2.绿色发展规划及管理体系认证/7.2.3.环境影响评价情况/（3）现状环境影响评估报告,泰昌绿色低碳资料历史候选第191页
business-media-0254,精确重复，不新增,禁止新增,绿色低碳资料,False,与现有数字资产精确重复,泰昌商务补充文件,191,(三)补充文件/7.针对评审要素，需要补充的其他文件/7.2.绿色发展规划及管理体系认证/7.2.3.环境影响评价情况/（3）现状环境影响评估报告,泰昌绿色低碳资料历史候选第191页
business-media-0255,精确重复，不新增,禁止新增,绿色低碳资料,False,与现有数字资产精确重复,泰昌商务补充文件,191,(三)补充文件/7.针对评审要素，需要补充的其他文件/7.2.绿色发展规划及管理体系认证/7.2.3.环境影响评价情况/（3）现状环境影响评估报告,泰昌绿色低碳资料历史候选第191页
business-media-0256,精确重复，不新增,禁止新增,绿色低碳资料,False,与现有数字资产精确重复,泰昌商务补充文件,191,(三)补充文件/7.针对评审要素，需要补充的其他文件/7.2.绿色发展规划及管理体系认证/7.2.3.环境影响评价情况/（3）现状环境影响评估报告,泰昌绿色低碳资料历史候选第191页
business-media-0257,精确重复，不新增,禁止新增,绿色低碳资料,False,与现有数字资产精确重复,泰昌商务补充文件,191,(三)补充文件/7.针对评审要素，需要补充的其他文件/7.2.绿色发展规划及管理体系认证/7.2.3.环境影响评价情况/（3）现状环境影响评估报告,泰昌绿色低碳资料历史候选第191页
business-media-0258,精确重复，不新增,禁止新增,绿色低碳资料,False,与现有数字资产精确重复,泰昌商务补充文件,191,(三)补充文件/7.针对评审要素，需要补充的其他文件/7.2.绿色发展规划及管理体系认证/7.2.3.环境影响评价情况/（3）现状环境影响评估报告,泰昌绿色低碳资料历史候选第191页
business-media-0259,精确重复，不新增,禁止新增,绿色低碳资料,False,与现有数字资产精确重复,泰昌商务补充文件,191,(三)补充文件/7.针对评审要素，需要补充的其他文件/7.2.绿色发展规划及管理体系认证/7.2.3.环境影响评价情况/（3）现状环境影响评估报告,泰昌绿色低碳资料历史候选第191页
business-media-0260,精确重复，不新增,禁止新增,绿色低碳资料,False,与现有数字资产精确重复,泰昌商务补充文件,191,(三)补充文件/7.针对评审要素，需要补充的其他文件/7.2.绿色发展规划及管理体系认证/7.2.3.环境影响评价情况/（3）现状环境影响评估报告,泰昌绿色低碳资料历史候选第191页
business-media-0261,精确重复，不新增,禁止新增,绿色低碳资料,False,与现有数字资产精确重复,泰昌商务补充文件,191,(三)补充文件/7.针对评审要素，需要补充的其他文件/7.2.绿色发展规划及管理体系认证/7.2.3.环境影响评价情况/（3）现状环境影响评估报告,泰昌绿色低碳资料历史候选第191页
business-media-0262,精确重复，不新增,禁止新增,绿色低碳资料,False,与现有数字资产精确重复,泰昌商务补充文件,191,(三)补充文件/7.针对评审要素，需要补充的其他文件/7.2.绿色发展规划及管理体系认证/7.2.3.环境影响评价情况/（3）现状环境影响评估报告,泰昌绿色低碳资料历史候选第191页
business-media-0263,精确重复，不新增,禁止新增,绿色低碳资料,False,与现有数字资产精确重复,泰昌商务补充文件,191,(三)补充文件/7.针对评审要素，需要补充的其他文件/7.2.绿色发展规划及管理体系认证/7.2.3.环境影响评价情况/（3）现状环境影响评估报告,泰昌绿色低碳资料历史候选第191页
business-media-0264,精确重复，不新增,禁止新增,绿色低碳资料,False,与现有数字资产精确重复,泰昌商务补充文件,191,(三)补充文件/7.针对评审要素，需要补充的其他文件/7.2.绿色发展规划及管理体系认证/7.2.3.环境影响评价情况/（3）现状环境影响评估报告,泰昌绿色低碳资料历史候选第191页
business-media-0265,精确重复，不新增,禁止新增,绿色低碳资料,False,与现有数字资产精确重复,泰昌商务补充文件,191,(三)补充文件/7.针对评审要素，需要补充的其他文件/7.2.绿色发展规划及管理体系认证/7.2.3.环境影响评价情况/（3）现状环境影响评估报告,泰昌绿色低碳资料历史候选第191页
business-media-0266,精确重复，不新增,禁止新增,绿色低碳资料,False,与现有数字资产精确重复,泰昌商务补充文件,191,(三)补充文件/7.针对评审要素，需要补充的其他文件/7.2.绿色发展规划及管理体系认证/7.2.3.环境影响评价情况/（3）现状环境影响评估报告,泰昌绿色低碳资料历史候选第191页
business-media-0267,精确重复，不新增,禁止新增,绿色低碳资料,False,与现有数字资产精确重复,泰昌商务补充文件,191,(三)补充文件/7.针对评审要素，需要补充的其他文件/7.2.绿色发展规划及管理体系认证/7.2.3.环境影响评价情况/（3）现状环境影响评估报告,泰昌绿色低碳资料历史候选第191页
business-media-0268,精确重复，不新增,禁止新增,绿色低碳资料,False,与现有数字资产精确重复,泰昌商务补充文件,191,(三)补充文件/7.针对评审要素，需要补充的其他文件/7.2.绿色发展规划及管理体系认证/7.2.3.环境影响评价情况/（3）现状环境影响评估报告,泰昌绿色低碳资料历史候选第191页
business-media-0269,精确重复，不新增,禁止新增,绿色低碳资料,False,与现有数字资产精确重复,泰昌商务补充文件,191,(三)补充文件/7.针对评审要素，需要补充的其他文件/7.2.绿色发展规划及管理体系认证/7.2.3.环境影响评价情况/（3）现状环境影响评估报告,泰昌绿色低碳资料历史候选第191页
business-media-0270,精确重复，不新增,禁止新增,绿色低碳资料,False,与现有数字资产精确重复,泰昌商务补充文件,191,(三)补充文件/7.针对评审要素，需要补充的其他文件/7.2.绿色发展规划及管理体系认证/7.2.3.环境影响评价情况/（3）现状环境影响评估报告,泰昌绿色低碳资料历史候选第191页
business-media-0271,精确重复，不新增,禁止新增,绿色低碳资料,False,与现有数字资产精确重复,泰昌商务补充文件,191,(三)补充文件/7.针对评审要素，需要补充的其他文件/7.2.绿色发展规划及管理体系认证/7.2.3.环境影响评价情况/（3）现状环境影响评估报告,泰昌绿色低碳资料历史候选第191页
business-media-0272,精确重复，不新增,禁止新增,绿色低碳资料,False,与现有数字资产精确重复,泰昌商务补充文件,191,(三)补充文件/7.针对评审要素，需要补充的其他文件/7.2.绿色发展规划及管理体系认证/7.2.3.环境影响评价情况/（3）现状环境影响评估报告,泰昌绿色低碳资料历史候选第191页
business-media-0273,精确重复，不新增,禁止新增,绿色低碳资料,False,与现有数字资产精确重复,泰昌商务补充文件,191,(三)补充文件/7.针对评审要素，需要补充的其他文件/7.2.绿色发展规划及管理体系认证/7.2.3.环境影响评价情况/（3）现状环境影响评估报告,泰昌绿色低碳资料历史候选第191页
business-media-0274,精确重复，不新增,禁止新增,绿色低碳资料,False,与现有数字资产精确重复,泰昌商务补充文件,191,(三)补充文件/7.针对评审要素，需要补充的其他文件/7.2.绿色发展规划及管理体系认证/7.2.3.环境影响评价情况/（3）现状环境影响评估报告,泰昌绿色低碳资料历史候选第191页
business-media-0275,精确重复，不新增,禁止新增,绿色低碳资料,False,与现有数字资产精确重复,泰昌商务补充文件,191,(三)补充文件/7.针对评审要素，需要补充的其他文件/7.2.绿色发展规划及管理体系认证/7.2.3.环境影响评价情况/（3）现状环境影响评估报告,泰昌绿色低碳资料历史候选第191页
business-media-0276,精确重复，不新增,禁止新增,绿色低碳资料,False,与现有数字资产精确重复,泰昌商务补充文件,191,(三)补充文件/7.针对评审要素，需要补充的其他文件/7.2.绿色发展规划及管理体系认证/7.2.3.环境影响评价情况/（3）现状环境影响评估报告,泰昌绿色低碳资料历史候选第191页
business-media-0277,精确重复，不新增,禁止新增,绿色低碳资料,False,与现有数字资产精确重复,泰昌商务补充文件,191,(三)补充文件/7.针对评审要素，需要补充的其他文件/7.2.绿色发展规划及管理体系认证/7.2.3.环境影响评价情况/（3）现状环境影响评估报告,泰昌绿色低碳资料历史候选第191页
business-media-0278,精确重复，不新增,禁止新增,绿色低碳资料,False,与现有数字资产精确重复,泰昌商务补充文件,191,(三)补充文件/7.针对评审要素，需要补充的其他文件/7.2.绿色发展规划及管理体系认证/7.2.3.环境影响评价情况/（3）现状环境影响评估报告,泰昌绿色低碳资料历史候选第191页
business-media-0279,精确重复，不新增,禁止新增,绿色低碳资料,False,与现有数字资产精确重复,泰昌商务补充文件,191,(三)补充文件/7.针对评审要素，需要补充的其他文件/7.2.绿色发展规划及管理体系认证/7.2.3.环境影响评价情况/（3）现状环境影响评估报告,泰昌绿色低碳资料历史候选第191页
business-media-0280,精确重复，不新增,禁止新增,绿色低碳资料,False,与现有数字资产精确重复,泰昌商务补充文件,191,(三)补充文件/7.针对评审要素，需要补充的其他文件/7.2.绿色发展规划及管理体系认证/7.2.3.环境影响评价情况/（3）现状环境影响评估报告,泰昌绿色低碳资料历史候选第191页
business-media-0281,精确重复，不新增,禁止新增,绿色低碳资料,False,与现有数字资产精确重复,泰昌商务补充文件,191,(三)补充文件/7.针对评审要素，需要补充的其他文件/7.2.绿色发展规划及管理体系认证/7.2.3.环境影响评价情况/（3）现状环境影响评估报告,泰昌绿色低碳资料历史候选第191页
business-media-0282,精确重复，不新增,禁止新增,绿色低碳资料,False,与现有数字资产精确重复,泰昌商务补充文件,191,(三)补充文件/7.针对评审要素，需要补充的其他文件/7.2.绿色发展规划及管理体系认证/7.2.3.环境影响评价情况/（3）现状环境影响评估报告,泰昌绿色低碳资料历史候选第191页
business-media-0283,精确重复，不新增,禁止新增,绿色低碳资料,False,与现有数字资产精确重复,泰昌商务补充文件,191,(三)补充文件/7.针对评审要素，需要补充的其他文件/7.2.绿色发展规划及管理体系认证/7.2.3.环境影响评价情况/（3）现状环境影响评估报告,泰昌绿色低碳资料历史候选第191页
business-media-0284,精确重复，不新增,禁止新增,绿色低碳资料,False,与现有数字资产精确重复,泰昌商务补充文件,191,(三)补充文件/7.针对评审要素，需要补充的其他文件/7.2.绿色发展规划及管理体系认证/7.2.3.环境影响评价情况/（3）现状环境影响评估报告,泰昌绿色低碳资料历史候选第191页
business-media-0285,精确重复，不新增,禁止新增,绿色低碳资料,False,与现有数字资产精确重复,泰昌商务补充文件,191,(三)补充文件/7.针对评审要素，需要补充的其他文件/7.2.绿色发展规划及管理体系认证/7.2.3.环境影响评价情况/（3）现状环境影响评估报告,泰昌绿色低碳资料历史候选第191页
business-media-0286,精确重复，不新增,禁止新增,绿色低碳资料,False,与现有数字资产精确重复,泰昌商务补充文件,191,(三)补充文件/7.针对评审要素，需要补充的其他文件/7.2.绿色发展规划及管理体系认证/7.2.3.环境影响评价情况/（3）现状环境影响评估报告,泰昌绿色低碳资料历史候选第191页
business-media-0287,精确重复，不新增,禁止新增,绿色低碳资料,False,与现有数字资产精确重复,泰昌商务补充文件,191,(三)补充文件/7.针对评审要素，需要补充的其他文件/7.2.绿色发展规划及管理体系认证/7.2.3.环境影响评价情况/（3）现状环境影响评估报告,泰昌绿色低碳资料历史候选第191页
business-media-0288,精确重复，不新增,禁止新增,绿色低碳资料,False,与现有数字资产精确重复,泰昌商务补充文件,191,(三)补充文件/7.针对评审要素，需要补充的其他文件/7.2.绿色发展规划及管理体系认证/7.2.3.环境影响评价情况/（3）现状环境影响评估报告,泰昌绿色低碳资料历史候选第191页
business-media-0289,精确重复，不新增,禁止新增,绿色低碳资料,False,与现有数字资产精确重复,泰昌商务补充文件,191,(三)补充文件/7.针对评审要素，需要补充的其他文件/7.2.绿色发展规划及管理体系认证/7.2.3.环境影响评价情况/（3）现状环境影响评估报告,泰昌绿色低碳资料历史候选第191页
business-media-0290,精确重复，不新增,禁止新增,绿色低碳资料,False,与现有数字资产精确重复,泰昌商务补充文件,191,(三)补充文件/7.针对评审要素，需要补充的其他文件/7.2.绿色发展规划及管理体系认证/7.2.3.环境影响评价情况/（3）现状环境影响评估报告,泰昌绿色低碳资料历史候选第191页
business-media-0291,精确重复，不新增,禁止新增,绿色低碳资料,False,与现有数字资产精确重复,泰昌商务补充文件,191,(三)补充文件/7.针对评审要素，需要补充的其他文件/7.2.绿色发展规划及管理体系认证/7.2.3.环境影响评价情况/（3）现状环境影响评估报告,泰昌绿色低碳资料历史候选第191页
business-media-0292,精确重复，不新增,禁止新增,绿色低碳资料,False,与现有数字资产精确重复,泰昌商务补充文件,191,(三)补充文件/7.针对评审要素，需要补充的其他文件/7.2.绿色发展规划及管理体系认证/7.2.3.环境影响评价情况/（3）现状环境影响评估报告,泰昌绿色低碳资料历史候选第191页
business-media-0293,精确重复，不新增,禁止新增,绿色低碳资料,False,与现有数字资产精确重复,泰昌商务补充文件,191,(三)补充文件/7.针对评审要素，需要补充的其他文件/7.2.绿色发展规划及管理体系认证/7.2.3.环境影响评价情况/（3）现状环境影响评估报告,泰昌绿色低碳资料历史候选第191页
business-media-0294,精确重复，不新增,禁止新增,绿色低碳资料,False,与现有数字资产精确重复,泰昌商务补充文件,191,(三)补充文件/7.针对评审要素，需要补充的其他文件/7.2.绿色发展规划及管理体系认证/7.2.3.环境影响评价情况/（3）现状环境影响评估报告,泰昌绿色低碳资料历史候选第191页
business-media-0295,精确重复，不新增,禁止新增,绿色低碳资料,False,与现有数字资产精确重复,泰昌商务补充文件,191,(三)补充文件/7.针对评审要素，需要补充的其他文件/7.2.绿色发展规划及管理体系认证/7.2.3.环境影响评价情况/（3）现状环境影响评估报告,泰昌绿色低碳资料历史候选第191页
business-media-0296,精确重复，不新增,禁止新增,绿色低碳资料,False,与现有数字资产精确重复,泰昌商务补充文件,191,(三)补充文件/7.针对评审要素，需要补充的其他文件/7.2.绿色发展规划及管理体系认证/7.2.3.环境影响评价情况/（3）现状环境影响评估报告,泰昌绿色低碳资料历史候选第191页
business-media-0297,精确重复，不新增,禁止新增,资质证书,False,与现有数字资产精确重复,泰昌商务补充文件,281,(三)补充文件/7.针对评审要素，需要补充的其他文件/7.2.绿色发展规划及管理体系认证/7.2.4.绿电绿证情况/（1）绿色电力认证证书,泰昌资质证书历史候选第281页
business-media-0298,精确重复，不新增,禁止新增,资质证书,False,与现有数字资产精确重复,泰昌商务补充文件,283,(三)补充文件/7.针对评审要素，需要补充的其他文件/7.2.绿色发展规划及管理体系认证/7.2.4.绿电绿证情况/（2）绿色供应链认证证书,泰昌资质证书历史候选第283页
business-media-0299,精确重复，不新增,禁止新增,绿色低碳资料,False,与现有数字资产精确重复,泰昌商务补充文件,284,(三)补充文件/7.针对评审要素，需要补充的其他文件/7.2.绿色发展规划及管理体系认证/7.2.4.绿电绿证情况/（3）绿色电力证书交易凭证,泰昌绿色低碳资料历史候选第284页
business-media-0300,精确重复，不新增,禁止新增,绿色低碳资料,False,与现有数字资产精确重复,泰昌商务补充文件,284,(三)补充文件/7.针对评审要素，需要补充的其他文件/7.2.绿色发展规划及管理体系认证/7.2.4.绿电绿证情况/（3）绿色电力证书交易凭证,泰昌绿色低碳资料历史候选第284页
business-media-0301,精确重复，不新增,禁止新增,绿色低碳资料,False,与现有数字资产精确重复,泰昌商务补充文件,284,(三)补充文件/7.针对评审要素，需要补充的其他文件/7.2.绿色发展规划及管理体系认证/7.2.4.绿电绿证情况/（3）绿色电力证书交易凭证,泰昌绿色低碳资料历史候选第284页
business-media-0302,精确重复，不新增,禁止新增,绿色低碳资料,False,与现有数字资产精确重复,泰昌商务补充文件,286,(三)补充文件/7.针对评审要素，需要补充的其他文件/7.2.绿色发展规划及管理体系认证/（1）碳足迹报告,泰昌绿色低碳资料历史候选第286页
business-media-0303,精确重复，不新增,禁止新增,绿色低碳资料,False,与现有数字资产精确重复,泰昌商务补充文件,286,(三)补充文件/7.针对评审要素，需要补充的其他文件/7.2.绿色发展规划及管理体系认证/（1）碳足迹报告,泰昌绿色低碳资料历史候选第286页
business-media-0304,精确重复，不新增,禁止新增,绿色低碳资料,False,与现有数字资产精确重复,泰昌商务补充文件,286,(三)补充文件/7.针对评审要素，需要补充的其他文件/7.2.绿色发展规划及管理体系认证/（1）碳足迹报告,泰昌绿色低碳资料历史候选第286页
business-media-0305,精确重复，不新增,禁止新增,绿色低碳资料,False,与现有数字资产精确重复,泰昌商务补充文件,286,(三)补充文件/7.针对评审要素，需要补充的其他文件/7.2.绿色发展规划及管理体系认证/（1）碳足迹报告,泰昌绿色低碳资料历史候选第286页
business-media-0306,精确重复，不新增,禁止新增,绿色低碳资料,False,与现有数字资产精确重复,泰昌商务补充文件,286,(三)补充文件/7.针对评审要素，需要补充的其他文件/7.2.绿色发展规划及管理体系认证/（1）碳足迹报告,泰昌绿色低碳资料历史候选第286页
business-media-0307,精确重复，不新增,禁止新增,绿色低碳资料,False,与现有数字资产精确重复,泰昌商务补充文件,286,(三)补充文件/7.针对评审要素，需要补充的其他文件/7.2.绿色发展规划及管理体系认证/（1）碳足迹报告,泰昌绿色低碳资料历史候选第286页
business-media-0308,精确重复，不新增,禁止新增,绿色低碳资料,False,与现有数字资产精确重复,泰昌商务补充文件,286,(三)补充文件/7.针对评审要素，需要补充的其他文件/7.2.绿色发展规划及管理体系认证/（1）碳足迹报告,泰昌绿色低碳资料历史候选第286页
business-media-0309,精确重复，不新增,禁止新增,绿色低碳资料,False,与现有数字资产精确重复,泰昌商务补充文件,286,(三)补充文件/7.针对评审要素，需要补充的其他文件/7.2.绿色发展规划及管理体系认证/（1）碳足迹报告,泰昌绿色低碳资料历史候选第286页
business-media-0310,精确重复，不新增,禁止新增,绿色低碳资料,False,与现有数字资产精确重复,泰昌商务补充文件,286,(三)补充文件/7.针对评审要素，需要补充的其他文件/7.2.绿色发展规划及管理体系认证/（1）碳足迹报告,泰昌绿色低碳资料历史候选第286页
business-media-0311,精确重复，不新增,禁止新增,绿色低碳资料,False,与现有数字资产精确重复,泰昌商务补充文件,286,(三)补充文件/7.针对评审要素，需要补充的其他文件/7.2.绿色发展规划及管理体系认证/（1）碳足迹报告,泰昌绿色低碳资料历史候选第286页
business-media-0312,精确重复，不新增,禁止新增,绿色低碳资料,False,与现有数字资产精确重复,泰昌商务补充文件,286,(三)补充文件/7.针对评审要素，需要补充的其他文件/7.2.绿色发展规划及管理体系认证/（1）碳足迹报告,泰昌绿色低碳资料历史候选第286页
business-media-0313,精确重复，不新增,禁止新增,绿色低碳资料,False,与现有数字资产精确重复,泰昌商务补充文件,286,(三)补充文件/7.针对评审要素，需要补充的其他文件/7.2.绿色发展规划及管理体系认证/（1）碳足迹报告,泰昌绿色低碳资料历史候选第286页
business-media-0314,精确重复，不新增,禁止新增,绿色低碳资料,False,与现有数字资产精确重复,泰昌商务补充文件,286,(三)补充文件/7.针对评审要素，需要补充的其他文件/7.2.绿色发展规划及管理体系认证/（1）碳足迹报告,泰昌绿色低碳资料历史候选第286页
business-media-0315,精确重复，不新增,禁止新增,绿色低碳资料,False,与现有数字资产精确重复,泰昌商务补充文件,286,(三)补充文件/7.针对评审要素，需要补充的其他文件/7.2.绿色发展规划及管理体系认证/（1）碳足迹报告,泰昌绿色低碳资料历史候选第286页
business-media-0316,精确重复，不新增,禁止新增,绿色低碳资料,False,与现有数字资产精确重复,泰昌商务补充文件,286,(三)补充文件/7.针对评审要素，需要补充的其他文件/7.2.绿色发展规划及管理体系认证/（1）碳足迹报告,泰昌绿色低碳资料历史候选第286页
business-media-0317,精确重复，不新增,禁止新增,绿色低碳资料,False,与现有数字资产精确重复,泰昌商务补充文件,286,(三)补充文件/7.针对评审要素，需要补充的其他文件/7.2.绿色发展规划及管理体系认证/（1）碳足迹报告,泰昌绿色低碳资料历史候选第286页
business-media-0318,精确重复，不新增,禁止新增,绿色低碳资料,False,与现有数字资产精确重复,泰昌商务补充文件,286,(三)补充文件/7.针对评审要素，需要补充的其他文件/7.2.绿色发展规划及管理体系认证/（1）碳足迹报告,泰昌绿色低碳资料历史候选第286页
business-media-0319,精确重复，不新增,禁止新增,企业证明材料,False,与现有数字资产精确重复,泰昌商务补充文件,303,(三)补充文件/7.针对评审要素，需要补充的其他文件/7.3.创新激励机制、供应链保障措施/（1）创新激励机制评价报告,泰昌企业证明材料历史候选第303页
business-media-0320,精确重复，不新增,禁止新增,企业证明材料,False,与现有数字资产精确重复,泰昌商务补充文件,303,(三)补充文件/7.针对评审要素，需要补充的其他文件/7.3.创新激励机制、供应链保障措施/（1）创新激励机制评价报告,泰昌企业证明材料历史候选第303页
business-media-0321,精确重复，不新增,禁止新增,企业证明材料,False,与现有数字资产精确重复,泰昌商务补充文件,303,(三)补充文件/7.针对评审要素，需要补充的其他文件/7.3.创新激励机制、供应链保障措施/（1）创新激励机制评价报告,泰昌企业证明材料历史候选第303页
business-media-0322,精确重复，不新增,禁止新增,企业证明材料,False,与现有数字资产精确重复,泰昌商务补充文件,303,(三)补充文件/7.针对评审要素，需要补充的其他文件/7.3.创新激励机制、供应链保障措施/（1）创新激励机制评价报告,泰昌企业证明材料历史候选第303页
business-media-0323,精确重复，不新增,禁止新增,企业证明材料,False,与现有数字资产精确重复,泰昌商务补充文件,303,(三)补充文件/7.针对评审要素，需要补充的其他文件/7.3.创新激励机制、供应链保障措施/（1）创新激励机制评价报告,泰昌企业证明材料历史候选第303页
business-media-0324,精确重复，不新增,禁止新增,企业证明材料,False,与现有数字资产精确重复,泰昌商务补充文件,303,(三)补充文件/7.针对评审要素，需要补充的其他文件/7.3.创新激励机制、供应链保障措施/（1）创新激励机制评价报告,泰昌企业证明材料历史候选第303页
business-media-0325,精确重复，不新增,禁止新增,企业证明材料,False,与现有数字资产精确重复,泰昌商务补充文件,303,(三)补充文件/7.针对评审要素，需要补充的其他文件/7.3.创新激励机制、供应链保障措施/（1）创新激励机制评价报告,泰昌企业证明材料历史候选第303页
business-media-0326,精确重复，不新增,禁止新增,企业证明材料,False,与现有数字资产精确重复,泰昌商务补充文件,303,(三)补充文件/7.针对评审要素，需要补充的其他文件/7.3.创新激励机制、供应链保障措施/（1）创新激励机制评价报告,泰昌企业证明材料历史候选第303页
business-media-0327,精确重复，不新增,禁止新增,企业证明材料,False,与现有数字资产精确重复,泰昌商务补充文件,303,(三)补充文件/7.针对评审要素，需要补充的其他文件/7.3.创新激励机制、供应链保障措施/（1）创新激励机制评价报告,泰昌企业证明材料历史候选第303页
business-media-0328,精确重复，不新增,禁止新增,企业证明材料,False,与现有数字资产精确重复,泰昌商务补充文件,303,(三)补充文件/7.针对评审要素，需要补充的其他文件/7.3.创新激励机制、供应链保障措施/（1）创新激励机制评价报告,泰昌企业证明材料历史候选第303页
business-media-0329,精确重复，不新增,禁止新增,企业证明材料,False,与现有数字资产精确重复,泰昌商务补充文件,303,(三)补充文件/7.针对评审要素，需要补充的其他文件/7.3.创新激励机制、供应链保障措施/（1）创新激励机制评价报告,泰昌企业证明材料历史候选第303页
business-media-0330,精确重复，不新增,禁止新增,企业证明材料,False,与现有数字资产精确重复,泰昌商务补充文件,303,(三)补充文件/7.针对评审要素，需要补充的其他文件/7.3.创新激励机制、供应链保障措施/（1）创新激励机制评价报告,泰昌企业证明材料历史候选第303页
business-media-0331,精确重复，不新增,禁止新增,企业证明材料,False,与现有数字资产精确重复,泰昌商务补充文件,318,(三)补充文件/10.供应商关于配合开展资质能力信息核实的承诺函,泰昌企业证明材料历史候选第318页
business-media-0333,精确重复，不新增,禁止新增,企业证明材料,False,与现有数字资产精确重复,泰昌商务补充文件,321,(三)补充文件/12.其他/12.2.中华人民共和国国家版权局计算机软件著作权登记证书,泰昌企业证明材料历史候选第321页
business-table-001,未发现重复，仍需审核,保留历史参考,产品参数表,False,章节或表单只用于历史结构对照，不属于泰昌企业事实资产,泰昌商务补充文件,4,（一）商务偏差表/1.商务偏差表,泰昌商务标历史表单参考：商务偏差表/1.商务偏差表
business-table-002,未发现重复，仍需审核,保留历史参考,历史表单结构参考,False,章节或表单只用于历史结构对照，不属于泰昌企业事实资产,泰昌商务补充文件,9,(三)补充文件/2.投标人情况/2.2投标人基本情况表,泰昌商务标历史表单参考：补充文件/2.投标人情况/2.2投标人基本情况表
business-table-003,未发现重复，仍需审核,保留历史参考,历史表单结构参考,False,章节或表单只用于历史结构对照，不属于泰昌企业事实资产,泰昌商务补充文件,9,(三)补充文件/2.投标人情况/2.2投标人基本情况表,泰昌商务标历史表单参考：补充文件/2.投标人情况/2.2投标人基本情况表
business-table-004,未发现重复，仍需审核,保留历史参考,历史表单结构参考,False,章节或表单只用于历史结构对照，不属于泰昌企业事实资产,泰昌商务补充文件,64,(三)补充文件/6.财务状况,泰昌商务标历史表单参考：补充文件/6.财务状况
technical-chapter-001,未发现重复，仍需审核,保留历史参考,历史目录结构参考,False,章节或表单只用于历史结构对照，不属于泰昌企业事实资产,泰昌技术补充文件,4,（一）技术偏差表,泰昌技术标历史目录参考：技术偏差表
technical-chapter-002,未发现重复，仍需审核,保留历史参考,历史目录结构参考,False,章节或表单只用于历史结构对照，不属于泰昌企业事实资产,泰昌技术补充文件,4,（一）技术偏差表/1.技术偏差表,泰昌技术标历史目录参考：技术偏差表/1.技术偏差表
technical-chapter-003,未发现重复，仍需审核,保留历史参考,历史目录结构参考,False,章节或表单只用于历史结构对照，不属于泰昌企业事实资产,泰昌技术补充文件,5,（二）专项投标文件,泰昌技术标历史目录参考：专项投标文件
technical-chapter-004,未发现重复，仍需审核,保留历史参考,历史目录结构参考,False,章节或表单只用于历史结构对照，不属于泰昌企业事实资产,泰昌技术补充文件,5,（二）专项投标文件/1.业绩文件,泰昌技术标历史目录参考：专项投标文件/1.业绩文件
technical-chapter-005,未发现重复，仍需审核,保留历史参考,历史目录结构参考,False,章节或表单只用于历史结构对照，不属于泰昌企业事实资产,泰昌技术补充文件,5,（二）专项投标文件/1.业绩文件/1.1.资格预审通知书,泰昌技术标历史目录参考：专项投标文件/1.业绩文件/1.1.资格预审通知书
technical-chapter-006,未发现重复，仍需审核,保留历史参考,历史目录结构参考,False,章节或表单只用于历史结构对照，不属于泰昌企业事实资产,泰昌技术补充文件,6,（二）专项投标文件/2.技术特性参数表,泰昌技术标历史目录参考：专项投标文件/2.技术特性参数表
technical-chapter-007,未发现重复，仍需审核,保留历史参考,历史目录结构参考,False,章节或表单只用于历史结构对照，不属于泰昌企业事实资产,泰昌技术补充文件,6,（二）专项投标文件/2.技术特性参数表/（G004-500013634-00006）,泰昌技术标历史目录参考：专项投标文件/2.技术特性参数表/（G004-500013634-00006）
technical-chapter-008,未发现重复，仍需审核,保留历史参考,历史目录结构参考,False,章节或表单只用于历史结构对照，不属于泰昌企业事实资产,泰昌技术补充文件,12,（二）专项投标文件/3.货物组件材料配置表,泰昌技术标历史目录参考：专项投标文件/3.货物组件材料配置表
technical-chapter-009,未发现重复，仍需审核,保留历史参考,历史目录结构参考,False,章节或表单只用于历史结构对照，不属于泰昌企业事实资产,泰昌技术补充文件,13,（二）专项投标文件/4.符合招标文件投标人资格要求的证明文件,泰昌技术标历史目录参考：专项投标文件/4.符合招标文件投标人资格要求的证明文件
technical-chapter-010,未发现重复，仍需审核,保留历史参考,历史目录结构参考,False,章节或表单只用于历史结构对照，不属于泰昌企业事实资产,泰昌技术补充文件,13,（二）专项投标文件/4.符合招标文件投标人资格要求的证明文件/4.1、资格预审通知书,泰昌技术标历史目录参考：专项投标文件/4.符合招标文件投标人资格要求的证明文件/4.1、资格预审通知书
technical-chapter-011,未发现重复，仍需审核,保留历史参考,历史目录结构参考,False,章节或表单只用于历史结构对照，不属于泰昌企业事实资产,泰昌技术补充文件,14,（二）专项投标文件/4.符合招标文件投标人资格要求的证明文件/4.2、资质业绩凭证单,泰昌技术标历史目录参考：专项投标文件/4.符合招标文件投标人资格要求的证明文件/4.2、资质业绩凭证单
technical-chapter-012,未发现重复，仍需审核,保留历史参考,历史目录结构参考,False,章节或表单只用于历史结构对照，不属于泰昌企业事实资产,泰昌技术补充文件,15,（二）专项投标文件/5.针对评审要素，需要补充的其他文件,泰昌技术标历史目录参考：专项投标文件/5.针对评审要素，需要补充的其他文件
technical-chapter-013,未发现重复，仍需审核,保留历史参考,历史目录结构参考,False,章节或表单只用于历史结构对照，不属于泰昌企业事实资产,泰昌技术补充文件,15,（二）专项投标文件/5.针对评审要素，需要补充的其他文件/5.1.产品制造质量控制,泰昌技术标历史目录参考：专项投标文件/5.针对评审要素，需要补充的其他文件/5.1.产品制造质量控制
technical-chapter-014,未发现重复，仍需审核,保留历史参考,历史目录结构参考,False,章节或表单只用于历史结构对照，不属于泰昌企业事实资产,泰昌技术补充文件,15,（二）专项投标文件/5.针对评审要素，需要补充的其他文件/5.1.产品制造质量控制/5.1.1.原材料组部件进厂检验检测措施,泰昌技术标历史目录参考：专项投标文件/5.针对评审要素，需要补充的其他文件/5.1.产品制造质量控制/5.1.1.原材料组部件进厂检验检测措施
technical-chapter-015,未发现重复，仍需审核,保留历史参考,历史目录结构参考,False,章节或表单只用于历史结构对照，不属于泰昌企业事实资产,泰昌技术补充文件,19,（二）专项投标文件/5.针对评审要素，需要补充的其他文件/5.1.产品制造质量控制/5.1.2.生产工艺/质量管控体系,泰昌技术标历史目录参考：专项投标文件/5.针对评审要素，需要补充的其他文件/5.1.产品制造质量控制/5.1.2.生产工艺/质量管控体系
technical-chapter-016,未发现重复，仍需审核,保留历史参考,历史目录结构参考,False,章节或表单只用于历史结构对照，不属于泰昌企业事实资产,泰昌技术补充文件,19,（二）专项投标文件/5.针对评审要素，需要补充的其他文件/5.1.产品制造质量控制/5.1.2.生产工艺/质量管控体系/5.1.2.1.电缆保护管MPP工艺流程,泰昌技术标历史目录参考：专项投标文件/5.针对评审要素，需要补充的其他文件/5.1.产品制造质量控制/5.1.2.生产工艺/质量管控体系/5.1.2.1.电缆保护管MPP工艺流程
technical-chapter-017,未发现重复，仍需审核,保留历史参考,历史目录结构参考,False,章节或表单只用于历史结构对照，不属于泰昌企业事实资产,泰昌技术补充文件,21,（二）专项投标文件/5.针对评审要素，需要补充的其他文件/5.1.产品制造质量控制/5.1.2.生产工艺/质量管控体系/5.1.2.2.电缆保护管CPVC工艺流程,泰昌技术标历史目录参考：专项投标文件/5.针对评审要素，需要补充的其他文件/5.1.产品制造质量控制/5.1.2.生产工艺/质量管控体系/5.1.2.2.电缆保护管CPVC工艺流程
technical-chapter-018,未发现重复，仍需审核,保留历史参考,历史目录结构参考,False,章节或表单只用于历史结构对照，不属于泰昌企业事实资产,泰昌技术补充文件,23,（二）专项投标文件/5.针对评审要素，需要补充的其他文件/5.1.产品制造质量控制/5.1.2.生产工艺/质量管控体系/5.1.2.3.N-HAP电缆保护管工艺流程,泰昌技术标历史目录参考：专项投标文件/5.针对评审要素，需要补充的其他文件/5.1.产品制造质量控制/5.1.2.生产工艺/质量管控体系/5.1.2.3.N-HAP电缆保护管工艺流程
technical-chapter-019,未发现重复，仍需审核,保留历史参考,历史目录结构参考,False,章节或表单只用于历史结构对照，不属于泰昌企业事实资产,泰昌技术补充文件,24,（二）专项投标文件/5.针对评审要素，需要补充的其他文件/5.1.产品制造质量控制/5.1.2.生产工艺/质量管控体系/5.1.2.4.电缆保护管PE工艺流程,泰昌技术标历史目录参考：专项投标文件/5.针对评审要素，需要补充的其他文件/5.1.产品制造质量控制/5.1.2.生产工艺/质量管控体系/5.1.2.4.电缆保护管PE工艺流程
technical-chapter-020,未发现重复，仍需审核,保留历史参考,历史目录结构参考,False,章节或表单只用于历史结构对照，不属于泰昌企业事实资产,泰昌技术补充文件,25,（二）专项投标文件/5.针对评审要素，需要补充的其他文件/5.1.产品制造质量控制/5.1.2.生产工艺/质量管控体系/5.1.2.5.各工序控制点工艺文件,泰昌技术标历史目录参考：专项投标文件/5.针对评审要素，需要补充的其他文件/5.1.产品制造质量控制/5.1.2.生产工艺/质量管控体系/5.1.2.5.各工序控制点工艺文件
technical-chapter-021,未发现重复，仍需审核,保留历史参考,历史目录结构参考,False,章节或表单只用于历史结构对照，不属于泰昌企业事实资产,泰昌技术补充文件,47,（二）专项投标文件/5.针对评审要素，需要补充的其他文件/5.1.产品制造质量控制/5.1.3.生产制造环境,泰昌技术标历史目录参考：专项投标文件/5.针对评审要素，需要补充的其他文件/5.1.产品制造质量控制/5.1.3.生产制造环境
technical-chapter-022,未发现重复，仍需审核,保留历史参考,历史目录结构参考,False,章节或表单只用于历史结构对照，不属于泰昌企业事实资产,泰昌技术补充文件,48,（二）专项投标文件/5.针对评审要素，需要补充的其他文件/5.1.产品制造质量控制/5.1.4.试组装环境,泰昌技术标历史目录参考：专项投标文件/5.针对评审要素，需要补充的其他文件/5.1.产品制造质量控制/5.1.4.试组装环境
technical-chapter-023,未发现重复，仍需审核,保留历史参考,历史目录结构参考,False,章节或表单只用于历史结构对照，不属于泰昌企业事实资产,泰昌技术补充文件,49,（二）专项投标文件/5.针对评审要素，需要补充的其他文件/5.1.产品制造质量控制/5.1.5.资质核实,泰昌技术标历史目录参考：专项投标文件/5.针对评审要素，需要补充的其他文件/5.1.产品制造质量控制/5.1.5.资质核实
technical-chapter-024,未发现重复，仍需审核,保留历史参考,历史目录结构参考,False,章节或表单只用于历史结构对照，不属于泰昌企业事实资产,泰昌技术补充文件,50,（二）专项投标文件/5.针对评审要素，需要补充的其他文件/5.2.履约风险,泰昌技术标历史目录参考：专项投标文件/5.针对评审要素，需要补充的其他文件/5.2.履约风险
technical-chapter-025,未发现重复，仍需审核,保留历史参考,历史目录结构参考,False,章节或表单只用于历史结构对照，不属于泰昌企业事实资产,泰昌技术补充文件,50,（二）专项投标文件/5.针对评审要素，需要补充的其他文件/5.2.履约风险/5.2.1.履约风险,泰昌技术标历史目录参考：专项投标文件/5.针对评审要素，需要补充的其他文件/5.2.履约风险/5.2.1.履约风险
technical-chapter-026,未发现重复，仍需审核,保留历史参考,历史目录结构参考,False,章节或表单只用于历史结构对照，不属于泰昌企业事实资产,泰昌技术补充文件,52,（二）专项投标文件/5.针对评审要素，需要补充的其他文件/5.2.履约风险/5.2.2.绩效评价,泰昌技术标历史目录参考：专项投标文件/5.针对评审要素，需要补充的其他文件/5.2.履约风险/5.2.2.绩效评价
technical-chapter-027,未发现重复，仍需审核,保留历史参考,历史目录结构参考,False,章节或表单只用于历史结构对照，不属于泰昌企业事实资产,泰昌技术补充文件,54,（二）专项投标文件/5.针对评审要素，需要补充的其他文件/5.3.绿色低碳生产及绿色回收,泰昌技术标历史目录参考：专项投标文件/5.针对评审要素，需要补充的其他文件/5.3.绿色低碳生产及绿色回收
technical-chapter-028,未发现重复，仍需审核,保留历史参考,历史目录结构参考,False,章节或表单只用于历史结构对照，不属于泰昌企业事实资产,泰昌技术补充文件,54,（二）专项投标文件/5.针对评审要素，需要补充的其他文件/5.3.绿色低碳生产及绿色回收/5.3.1.建立了绿色生产,泰昌技术标历史目录参考：专项投标文件/5.针对评审要素，需要补充的其他文件/5.3.绿色低碳生产及绿色回收/5.3.1.建立了绿色生产
technical-chapter-029,未发现重复，仍需审核,保留历史参考,历史目录结构参考,False,章节或表单只用于历史结构对照，不属于泰昌企业事实资产,泰昌技术补充文件,54,（二）专项投标文件/5.针对评审要素，需要补充的其他文件/5.3.绿色低碳生产及绿色回收/5.3.1.建立了绿色生产/5.3.1.1.ESG(环境、社会、公司治理)报告,泰昌技术标历史目录参考：专项投标文件/5.针对评审要素，需要补充的其他文件/5.3.绿色低碳生产及绿色回收/5.3.1.建立了绿色生产/5.3.1.1.ESG(环境、社会、公司治理)报告
technical-chapter-030,未发现重复，仍需审核,保留历史参考,历史目录结构参考,False,章节或表单只用于历史结构对照，不属于泰昌企业事实资产,泰昌技术补充文件,93,（二）专项投标文件/5.针对评审要素，需要补充的其他文件/5.3.绿色低碳生产及绿色回收/5.3.1.建立了绿色生产/5.3.1.2废水、废气、废固报告,泰昌技术标历史目录参考：专项投标文件/5.针对评审要素，需要补充的其他文件/5.3.绿色低碳生产及绿色回收/5.3.1.建立了绿色生产/5.3.1.2废水、废气、废固报告
technical-chapter-031,未发现重复，仍需审核,保留历史参考,历史目录结构参考,False,章节或表单只用于历史结构对照，不属于泰昌企业事实资产,泰昌技术补充文件,128,（二）专项投标文件/5.针对评审要素，需要补充的其他文件/5.3.绿色低碳生产及绿色回收/5.3.1.建立了绿色生产/5.3.1.3.现状环境影响评估报告,泰昌技术标历史目录参考：专项投标文件/5.针对评审要素，需要补充的其他文件/5.3.绿色低碳生产及绿色回收/5.3.1.建立了绿色生产/5.3.1.3.现状环境影响评估报告
technical-chapter-032,未发现重复，仍需审核,保留历史参考,历史目录结构参考,False,章节或表单只用于历史结构对照，不属于泰昌企业事实资产,泰昌技术补充文件,218,（二）专项投标文件/5.针对评审要素，需要补充的其他文件/5.3.绿色低碳生产及绿色回收/5.3.1.建立了绿色生产/5.3.1.4.绿色发展规划报告,泰昌技术标历史目录参考：专项投标文件/5.针对评审要素，需要补充的其他文件/5.3.绿色低碳生产及绿色回收/5.3.1.建立了绿色生产/5.3.1.4.绿色发展规划报告
technical-chapter-033,未发现重复，仍需审核,保留历史参考,历史目录结构参考,False,章节或表单只用于历史结构对照，不属于泰昌企业事实资产,泰昌技术补充文件,236,（二）专项投标文件/5.针对评审要素，需要补充的其他文件/5.3.绿色低碳生产及绿色回收/5.3.1.建立了绿色生产/5.3.1.5.碳足迹报告,泰昌技术标历史目录参考：专项投标文件/5.针对评审要素，需要补充的其他文件/5.3.绿色低碳生产及绿色回收/5.3.1.建立了绿色生产/5.3.1.5.碳足迹报告
technical-chapter-034,未发现重复，仍需审核,保留历史参考,历史目录结构参考,False,章节或表单只用于历史结构对照，不属于泰昌企业事实资产,泰昌技术补充文件,253,（二）专项投标文件/5.针对评审要素，需要补充的其他文件/5.3.绿色低碳生产及绿色回收/5.3.1.建立了绿色生产/5.3.1.6.绿色电力认证证书,泰昌技术标历史目录参考：专项投标文件/5.针对评审要素，需要补充的其他文件/5.3.绿色低碳生产及绿色回收/5.3.1.建立了绿色生产/5.3.1.6.绿色电力认证证书
technical-chapter-035,未发现重复，仍需审核,保留历史参考,历史目录结构参考,False,章节或表单只用于历史结构对照，不属于泰昌企业事实资产,泰昌技术补充文件,254,（二）专项投标文件/5.针对评审要素，需要补充的其他文件/5.3.绿色低碳生产及绿色回收/5.3.1.建立了绿色生产/5.3.1.7.绿色供应链认证证书,泰昌技术标历史目录参考：专项投标文件/5.针对评审要素，需要补充的其他文件/5.3.绿色低碳生产及绿色回收/5.3.1.建立了绿色生产/5.3.1.7.绿色供应链认证证书
technical-chapter-036,未发现重复，仍需审核,保留历史参考,历史目录结构参考,False,章节或表单只用于历史结构对照，不属于泰昌企业事实资产,泰昌技术补充文件,255,（二）专项投标文件/5.针对评审要素，需要补充的其他文件/5.3.绿色低碳生产及绿色回收/5.3.1.建立了绿色生产/5.3.1.8.绿色电力证书交易凭证,泰昌技术标历史目录参考：专项投标文件/5.针对评审要素，需要补充的其他文件/5.3.绿色低碳生产及绿色回收/5.3.1.建立了绿色生产/5.3.1.8.绿色电力证书交易凭证
technical-chapter-037,未发现重复，仍需审核,保留历史参考,历史目录结构参考,False,章节或表单只用于历史结构对照，不属于泰昌企业事实资产,泰昌技术补充文件,258,（二）专项投标文件/5.针对评审要素，需要补充的其他文件/5.3.绿色低碳生产及绿色回收/5.3.1.建立了绿色生产/5.3.1.9.创新激励机制评价报告,泰昌技术标历史目录参考：专项投标文件/5.针对评审要素，需要补充的其他文件/5.3.绿色低碳生产及绿色回收/5.3.1.建立了绿色生产/5.3.1.9.创新激励机制评价报告
technical-chapter-038,未发现重复，仍需审核,保留历史参考,历史目录结构参考,False,章节或表单只用于历史结构对照，不属于泰昌企业事实资产,泰昌技术补充文件,270,（二）专项投标文件/5.针对评审要素，需要补充的其他文件/5.3.绿色低碳生产及绿色回收/5.3.1.建立了绿色生产/5.3.1.10.智能制造优秀场景报告,泰昌技术标历史目录参考：专项投标文件/5.针对评审要素，需要补充的其他文件/5.3.绿色低碳生产及绿色回收/5.3.1.建立了绿色生产/5.3.1.10.智能制造优秀场景报告
technical-chapter-039,未发现重复，仍需审核,保留历史参考,历史目录结构参考,False,章节或表单只用于历史结构对照，不属于泰昌企业事实资产,泰昌技术补充文件,282,（二）专项投标文件/5.针对评审要素，需要补充的其他文件/5.3.绿色低碳生产及绿色回收/5.3.1.建立了绿色生产/5.3.1.11.数字领航企业评价报告,泰昌技术标历史目录参考：专项投标文件/5.针对评审要素，需要补充的其他文件/5.3.绿色低碳生产及绿色回收/5.3.1.建立了绿色生产/5.3.1.11.数字领航企业评价报告
technical-chapter-040,未发现重复，仍需审核,保留历史参考,历史目录结构参考,False,章节或表单只用于历史结构对照，不属于泰昌企业事实资产,泰昌技术补充文件,299,（二）专项投标文件/5.针对评审要素，需要补充的其他文件/5.3.绿色低碳生产及绿色回收/5.3.2.绿色回收制度的证明材料,泰昌技术标历史目录参考：专项投标文件/5.针对评审要素，需要补充的其他文件/5.3.绿色低碳生产及绿色回收/5.3.2.绿色回收制度的证明材料
technical-chapter-041,未发现重复，仍需审核,保留历史参考,历史目录结构参考,False,章节或表单只用于历史结构对照，不属于泰昌企业事实资产,泰昌技术补充文件,303,（二）专项投标文件/6.招标文件规定的其他应提交的技术文件,泰昌技术标历史目录参考：专项投标文件/6.招标文件规定的其他应提交的技术文件
technical-chapter-042,未发现重复，仍需审核,保留历史参考,历史目录结构参考,False,章节或表单只用于历史结构对照，不属于泰昌企业事实资产,泰昌技术补充文件,303,（二）专项投标文件/6.招标文件规定的其他应提交的技术文件/6.1.发明专利证书,泰昌技术标历史目录参考：专项投标文件/6.招标文件规定的其他应提交的技术文件/6.1.发明专利证书
technical-chapter-043,未发现重复，仍需审核,保留历史参考,历史目录结构参考,False,章节或表单只用于历史结构对照，不属于泰昌企业事实资产,泰昌技术补充文件,304,（二）专项投标文件/6.招标文件规定的其他应提交的技术文件/6.2.中华人民共和国国家版权局计算机软件著作权登记证书,泰昌技术标历史目录参考：专项投标文件/6.招标文件规定的其他应提交的技术文件/6.2.中华人民共和国国家版权局计算机软件著作权登记证书
technical-chapter-044,未发现重复，仍需审核,保留历史参考,历史目录结构参考,False,章节或表单只用于历史结构对照，不属于泰昌企业事实资产,泰昌技术补充文件,305,（二）专项投标文件/7.技术服务，包括培训、安装指导等,泰昌技术标历史目录参考：专项投标文件/7.技术服务，包括培训、安装指导等
technical-chapter-045,未发现重复，仍需审核,保留历史参考,历史目录结构参考,False,章节或表单只用于历史结构对照，不属于泰昌企业事实资产,泰昌技术补充文件,305,（二）专项投标文件/7.技术服务，包括培训、安装指导等/7.1.技术服务及培训方案,泰昌技术标历史目录参考：专项投标文件/7.技术服务，包括培训、安装指导等/7.1.技术服务及培训方案
technical-chapter-046,未发现重复，仍需审核,保留历史参考,历史目录结构参考,False,章节或表单只用于历史结构对照，不属于泰昌企业事实资产,泰昌技术补充文件,307,（二）专项投标文件/7.技术服务，包括培训、安装指导等/7.2.安装指导方案,泰昌技术标历史目录参考：专项投标文件/7.技术服务，包括培训、安装指导等/7.2.安装指导方案
technical-chapter-047,未发现重复，仍需审核,保留历史参考,历史目录结构参考,False,章节或表单只用于历史结构对照，不属于泰昌企业事实资产,泰昌技术补充文件,309,（二）专项投标文件/7.技术服务，包括培训、安装指导等/7.3.备品备件,泰昌技术标历史目录参考：专项投标文件/7.技术服务，包括培训、安装指导等/7.3.备品备件
technical-chapter-048,未发现重复，仍需审核,保留历史参考,历史目录结构参考,False,章节或表单只用于历史结构对照，不属于泰昌企业事实资产,泰昌技术补充文件,310,（二）专项投标文件/7.技术服务，包括培训、安装指导等/7.4.故障响应处理方案,泰昌技术标历史目录参考：专项投标文件/7.技术服务，包括培训、安装指导等/7.4.故障响应处理方案
technical-chapter-049,未发现重复，仍需审核,保留历史参考,历史目录结构参考,False,章节或表单只用于历史结构对照，不属于泰昌企业事实资产,泰昌技术补充文件,312,（二）专项投标文件/8.售后服务保障及承诺,泰昌技术标历史目录参考：专项投标文件/8.售后服务保障及承诺
technical-chapter-050,未发现重复，仍需审核,保留历史参考,历史目录结构参考,False,章节或表单只用于历史结构对照，不属于泰昌企业事实资产,泰昌技术补充文件,312,（二）专项投标文件/8.售后服务保障及承诺/8.1.售后服务保障,泰昌技术标历史目录参考：专项投标文件/8.售后服务保障及承诺/8.1.售后服务保障
technical-chapter-051,未发现重复，仍需审核,保留历史参考,历史目录结构参考,False,章节或表单只用于历史结构对照，不属于泰昌企业事实资产,泰昌技术补充文件,315,（二）专项投标文件/8.售后服务保障及承诺/8.2.服务承诺,泰昌技术标历史目录参考：专项投标文件/8.售后服务保障及承诺/8.2.服务承诺
technical-chapter-052,未发现重复，仍需审核,保留历史参考,历史目录结构参考,False,章节或表单只用于历史结构对照，不属于泰昌企业事实资产,泰昌技术补充文件,316,（二）专项投标文件/9.质量保证措施方案,泰昌技术标历史目录参考：专项投标文件/9.质量保证措施方案
technical-chapter-053,未发现重复，仍需审核,保留历史参考,历史目录结构参考,False,章节或表单只用于历史结构对照，不属于泰昌企业事实资产,泰昌技术补充文件,317,（二）专项投标文件/10.认证证书,泰昌技术标历史目录参考：专项投标文件/10.认证证书
technical-chapter-054,未发现重复，仍需审核,保留历史参考,历史目录结构参考,False,章节或表单只用于历史结构对照，不属于泰昌企业事实资产,泰昌技术补充文件,318,（二）专项投标文件/10.认证证书/10.1.质量管理体系认证证书,泰昌技术标历史目录参考：专项投标文件/10.认证证书/10.1.质量管理体系认证证书
technical-chapter-055,未发现重复，仍需审核,保留历史参考,历史目录结构参考,False,章节或表单只用于历史结构对照，不属于泰昌企业事实资产,泰昌技术补充文件,321,（二）专项投标文件/10.认证证书/10.2.职业健康安全管理体系认证证书,泰昌技术标历史目录参考：专项投标文件/10.认证证书/10.2.职业健康安全管理体系认证证书
technical-chapter-056,未发现重复，仍需审核,保留历史参考,历史目录结构参考,False,章节或表单只用于历史结构对照，不属于泰昌企业事实资产,泰昌技术补充文件,324,（二）专项投标文件/10.认证证书/10.3.环境管理体系认证证书,泰昌技术标历史目录参考：专项投标文件/10.认证证书/10.3.环境管理体系认证证书
technical-chapter-057,未发现重复，仍需审核,保留历史参考,历史目录结构参考,False,章节或表单只用于历史结构对照，不属于泰昌企业事实资产,泰昌技术补充文件,326,（二）专项投标文件/11.主要技术人员、项目经理及其相关证书,泰昌技术标历史目录参考：专项投标文件/11.主要技术人员、项目经理及其相关证书
technical-chapter-058,未发现重复，仍需审核,保留历史参考,历史目录结构参考,False,章节或表单只用于历史结构对照，不属于泰昌企业事实资产,泰昌技术补充文件,327,（二）专项投标文件/11.主要技术人员、项目经理及其相关证书/附：试验人员证书,泰昌技术标历史目录参考：专项投标文件/11.主要技术人员、项目经理及其相关证书/附：试验人员证书
technical-chapter-059,未发现重复，仍需审核,保留历史参考,历史目录结构参考,False,章节或表单只用于历史结构对照，不属于泰昌企业事实资产,泰昌技术补充文件,329,（二）专项投标文件/12.检测检验报告（包括型式试验报告、检测报告、鉴定报告、检定报告、校准证书或报告、检测试验报告等相关报告）,泰昌技术标历史目录参考：专项投标文件/12.检测检验报告（包括型式试验报告、检测报告、鉴定报告、检定报告、校准证书或报告、检测试验报告等相关报告）
technical-chapter-060,未发现重复，仍需审核,保留历史参考,历史目录结构参考,False,章节或表单只用于历史结构对照，不属于泰昌企业事实资产,泰昌技术补充文件,329,（二）专项投标文件/12.检测检验报告（包括型式试验报告、检测报告、鉴定报告、检定报告、校准证书或报告、检测试验报告等相关报告）/12.1.检测报告,泰昌技术标历史目录参考：专项投标文件/12.检测检验报告（包括型式试验报告、检测报告、鉴定报告、检定报告、校准证书或报告、检测试验报告等相关报告）/12.1.检测报告
technical-chapter-061,未发现重复，仍需审核,保留历史参考,历史目录结构参考,False,章节或表单只用于历史结构对照，不属于泰昌企业事实资产,泰昌技术补充文件,330,（二）专项投标文件/12.检测检验报告（包括型式试验报告、检测报告、鉴定报告、检定报告、校准证书或报告、检测试验报告等相关报告）/12.1.检测报告/12.1.1.CPVC电缆保护管检验报告,泰昌技术标历史目录参考：专项投标文件/12.检测检验报告（包括型式试验报告、检测报告、鉴定报告、检定报告、校准证书或报告、检测试验报告等相关报告）/12.1.检测报告/12.1.1.CPVC电缆保护管检验报告
technical-chapter-062,未发现重复，仍需审核,保留历史参考,历史目录结构参考,False,章节或表单只用于历史结构对照，不属于泰昌企业事实资产,泰昌技术补充文件,335,（二）专项投标文件/12.检测检验报告（包括型式试验报告、检测报告、鉴定报告、检定报告、校准证书或报告、检测试验报告等相关报告）/12.1.检测报告/12.1.2.MPP电缆保护管检验报告,泰昌技术标历史目录参考：专项投标文件/12.检测检验报告（包括型式试验报告、检测报告、鉴定报告、检定报告、校准证书或报告、检测试验报告等相关报告）/12.1.检测报告/12.1.2.MPP电缆保护管检验报告
technical-chapter-063,未发现重复，仍需审核,保留历史参考,历史目录结构参考,False,章节或表单只用于历史结构对照，不属于泰昌企业事实资产,泰昌技术补充文件,340,（二）专项投标文件/12.检测检验报告（包括型式试验报告、检测报告、鉴定报告、检定报告、校准证书或报告、检测试验报告等相关报告）/12.1.检测报告/12.1.3.N-HAP电缆保护管,泰昌技术标历史目录参考：专项投标文件/12.检测检验报告（包括型式试验报告、检测报告、鉴定报告、检定报告、校准证书或报告、检测试验报告等相关报告）/12.1.检测报告/12.1.3.N-HAP电缆保护管
technical-chapter-064,未发现重复，仍需审核,保留历史参考,历史目录结构参考,False,章节或表单只用于历史结构对照，不属于泰昌企业事实资产,泰昌技术补充文件,345,（二）专项投标文件/12.检测检验报告（包括型式试验报告、检测报告、鉴定报告、检定报告、校准证书或报告、检测试验报告等相关报告）/12.1.检测报告/12.1.4.硬聚氯乙烯塑料(UPVC)电力电缆导管,泰昌技术标历史目录参考：专项投标文件/12.检测检验报告（包括型式试验报告、检测报告、鉴定报告、检定报告、校准证书或报告、检测试验报告等相关报告）/12.1.检测报告/12.1.4.硬聚氯乙烯塑料(UPVC)电力电缆导管
technical-chapter-065,未发现重复，仍需审核,保留历史参考,历史目录结构参考,False,章节或表单只用于历史结构对照，不属于泰昌企业事实资产,泰昌技术补充文件,349,（二）专项投标文件/12.检测检验报告（包括型式试验报告、检测报告、鉴定报告、检定报告、校准证书或报告、检测试验报告等相关报告）/12.2.更新校准证书,泰昌技术标历史目录参考：专项投标文件/12.检测检验报告（包括型式试验报告、检测报告、鉴定报告、检定报告、校准证书或报告、检测试验报告等相关报告）/12.2.更新校准证书
technical-chapter-066,未发现重复，仍需审核,保留历史参考,历史目录结构参考,False,章节或表单只用于历史结构对照，不属于泰昌企业事实资产,泰昌技术补充文件,350,（二）专项投标文件/12.检测检验报告（包括型式试验报告、检测报告、鉴定报告、检定报告、校准证书或报告、检测试验报告等相关报告）/12.2.更新校准证书/12.2.1.电子拉力试验机,泰昌技术标历史目录参考：专项投标文件/12.检测检验报告（包括型式试验报告、检测报告、鉴定报告、检定报告、校准证书或报告、检测试验报告等相关报告）/12.2.更新校准证书/12.2.1.电子拉力试验机
technical-chapter-067,未发现重复，仍需审核,保留历史参考,历史目录结构参考,False,章节或表单只用于历史结构对照，不属于泰昌企业事实资产,泰昌技术补充文件,353,（二）专项投标文件/12.检测检验报告（包括型式试验报告、检测报告、鉴定报告、检定报告、校准证书或报告、检测试验报告等相关报告）/12.2.更新校准证书/12.2.2.微机控制电子万能试验机,泰昌技术标历史目录参考：专项投标文件/12.检测检验报告（包括型式试验报告、检测报告、鉴定报告、检定报告、校准证书或报告、检测试验报告等相关报告）/12.2.更新校准证书/12.2.2.微机控制电子万能试验机
technical-chapter-068,未发现重复，仍需审核,保留历史参考,历史目录结构参考,False,章节或表单只用于历史结构对照，不属于泰昌企业事实资产,泰昌技术补充文件,356,（二）专项投标文件/12.检测检验报告（包括型式试验报告、检测报告、鉴定报告、检定报告、校准证书或报告、检测试验报告等相关报告）/12.2.更新校准证书/12.2.3.熔体流动速率仪,泰昌技术标历史目录参考：专项投标文件/12.检测检验报告（包括型式试验报告、检测报告、鉴定报告、检定报告、校准证书或报告、检测试验报告等相关报告）/12.2.更新校准证书/12.2.3.熔体流动速率仪
technical-chapter-069,未发现重复，仍需审核,保留历史参考,历史目录结构参考,False,章节或表单只用于历史结构对照，不属于泰昌企业事实资产,泰昌技术补充文件,359,（二）专项投标文件/12.检测检验报告（包括型式试验报告、检测报告、鉴定报告、检定报告、校准证书或报告、检测试验报告等相关报告）/12.2.更新校准证书/12.2.4.热变型、维卡软化点温度测定仪,泰昌技术标历史目录参考：专项投标文件/12.检测检验报告（包括型式试验报告、检测报告、鉴定报告、检定报告、校准证书或报告、检测试验报告等相关报告）/12.2.更新校准证书/12.2.4.热变型、维卡软化点温度测定仪
technical-chapter-070,未发现重复，仍需审核,保留历史参考,历史目录结构参考,False,章节或表单只用于历史结构对照，不属于泰昌企业事实资产,泰昌技术补充文件,362,（二）专项投标文件/12.检测检验报告（包括型式试验报告、检测报告、鉴定报告、检定报告、校准证书或报告、检测试验报告等相关报告）/12.2.更新校准证书/12.2.5.锤击试验装置,泰昌技术标历史目录参考：专项投标文件/12.检测检验报告（包括型式试验报告、检测报告、鉴定报告、检定报告、校准证书或报告、检测试验报告等相关报告）/12.2.更新校准证书/12.2.5.锤击试验装置
technical-chapter-071,未发现重复，仍需审核,保留历史参考,历史目录结构参考,False,章节或表单只用于历史结构对照，不属于泰昌企业事实资产,泰昌技术补充文件,365,（二）专项投标文件/12.检测检验报告（包括型式试验报告、检测报告、鉴定报告、检定报告、校准证书或报告、检测试验报告等相关报告）/12.2.更新校准证书/12.2.6.电子天平,泰昌技术标历史目录参考：专项投标文件/12.检测检验报告（包括型式试验报告、检测报告、鉴定报告、检定报告、校准证书或报告、检测试验报告等相关报告）/12.2.更新校准证书/12.2.6.电子天平
technical-chapter-072,未发现重复，仍需审核,保留历史参考,历史目录结构参考,False,章节或表单只用于历史结构对照，不属于泰昌企业事实资产,泰昌技术补充文件,368,（二）专项投标文件/13.其他,泰昌技术标历史目录参考：专项投标文件/13.其他
technical-chapter-073,未发现重复，仍需审核,保留历史参考,历史目录结构参考,False,章节或表单只用于历史结构对照，不属于泰昌企业事实资产,泰昌技术补充文件,368,（二）专项投标文件/13.其他/13.1.投标人自述的企业名称变更原因说明、市场监督管理部门出具的‘名称变更证明’相关证明材料、有权机构出具的‘资格资质变更证明’等相关证明材料。（如有）,泰昌技术标历史目录参考：专项投标文件/13.其他/13.1.投标人自述的企业名称变更原因说明、市场监督管理部门出具的‘名称变更证明’相关证明材料、有权机构出具的‘资格资质变更证明’等相关证明材料。（如有）
technical-fact-0001,事实冲突,禁止复用,历史项目上下文,False,历史项目字段或事实值与当前基线冲突,泰昌技术补充文件,1,未归入章节,泰昌历史项目上下文历史候选第1页
technical-fact-0002,事实冲突,禁止复用,历史项目上下文,False,历史项目字段或事实值与当前基线冲突,泰昌技术补充文件,4,（一）技术偏差表/1.技术偏差表,泰昌历史项目上下文历史候选第4页
technical-fact-0003,事实冲突,禁止复用,历史项目上下文,False,历史项目字段或事实值与当前基线冲突,泰昌技术补充文件,4,（一）技术偏差表/1.技术偏差表,泰昌历史项目上下文历史候选第4页
technical-fact-0005,事实冲突,禁止复用,历史项目上下文,False,历史项目字段或事实值与当前基线冲突,泰昌技术补充文件,7,（二）专项投标文件/2.技术特性参数表,泰昌历史项目上下文历史候选第7页
technical-fact-0006,事实冲突,禁止复用,历史项目上下文,False,历史项目字段或事实值与当前基线冲突,泰昌技术补充文件,7,（二）专项投标文件/2.技术特性参数表,泰昌历史项目上下文历史候选第7页
technical-fact-0007,精确重复，不新增,禁止新增,产品参数表,False,与现有数字资产精确重复,泰昌技术补充文件,7,（二）专项投标文件/2.技术特性参数表,泰昌产品参数表历史候选第7页
technical-fact-0008,未发现重复，仍需审核,禁止独立入库,技术响应资料,False,通用响应话术或缺少独立证据意义，不作为正式资产,泰昌技术补充文件,7,（二）专项投标文件/2.技术特性参数表,泰昌技术响应资料历史候选第7页
technical-fact-0009,事实冲突,禁止复用,历史项目上下文,False,历史项目字段或事实值与当前基线冲突,泰昌技术补充文件,6,（二）专项投标文件/2.技术特性参数表/（G004-500013634-00006）,泰昌历史项目上下文历史候选第6页
technical-fact-0010,未发现重复，仍需审核,禁止独立入库,技术响应资料,False,通用响应话术或缺少独立证据意义，不作为正式资产,泰昌技术补充文件,6,（二）专项投标文件/2.技术特性参数表/（G004-500013634-00006）,泰昌技术响应资料历史候选第6页
technical-fact-0011,事实冲突,禁止复用,历史项目上下文,False,历史项目字段或事实值与当前基线冲突,泰昌技术补充文件,13,（二）专项投标文件/3.货物组件材料配置表,泰昌历史项目上下文历史候选第13页
technical-fact-0012,事实冲突,禁止复用,历史项目上下文,False,历史项目字段或事实值与当前基线冲突,泰昌技术补充文件,13,（二）专项投标文件/3.货物组件材料配置表,泰昌历史项目上下文历史候选第13页
technical-fact-0013,精确重复，不新增,禁止新增,产品参数表,False,与现有数字资产精确重复,泰昌技术补充文件,13,（二）专项投标文件/3.货物组件材料配置表,泰昌产品参数表历史候选第13页
technical-fact-0023,事实冲突,禁止复用,历史项目上下文,False,历史项目字段或事实值与当前基线冲突,泰昌技术补充文件,318,（二）专项投标文件/10.认证证书,泰昌历史项目上下文历史候选第318页
technical-fact-0024,事实冲突,禁止复用,历史项目上下文,False,历史项目字段或事实值与当前基线冲突,泰昌技术补充文件,318,（二）专项投标文件/10.认证证书,泰昌历史项目上下文历史候选第318页
technical-fact-0025,精确重复，不新增,禁止新增,产品参数表,False,与现有数字资产精确重复,泰昌技术补充文件,318,（二）专项投标文件/10.认证证书,泰昌产品参数表历史候选第318页
technical-fact-0026,事实冲突,禁止复用,历史项目上下文,False,历史项目字段或事实值与当前基线冲突,泰昌技术补充文件,327,（二）专项投标文件/11.主要技术人员、项目经理及其相关证书,泰昌历史项目上下文历史候选第327页
technical-fact-0027,事实冲突,禁止复用,历史项目上下文,False,历史项目字段或事实值与当前基线冲突,泰昌技术补充文件,327,（二）专项投标文件/11.主要技术人员、项目经理及其相关证书,泰昌历史项目上下文历史候选第327页
technical-fact-0028,精确重复，不新增,禁止新增,产品参数表,False,与现有数字资产精确重复,泰昌技术补充文件,327,（二）专项投标文件/11.主要技术人员、项目经理及其相关证书,泰昌产品参数表历史候选第327页
technical-fact-0038,精确重复，不新增,禁止新增,试验检测能力,False,与现有数字资产精确重复,泰昌技术补充文件,350,（二）专项投标文件/12.检测检验报告（包括型式试验报告、检测报告、鉴定报告、检定报告、校准证书或报告、检测试验报告等相关报告）/12.2.更新校准证书,泰昌试验检测能力历史候选第350页
technical-fact-0041,精确重复，不新增,禁止新增,试验检测能力,False,与现有数字资产精确重复,泰昌技术补充文件,350,（二）专项投标文件/12.检测检验报告（包括型式试验报告、检测报告、鉴定报告、检定报告、校准证书或报告、检测试验报告等相关报告）/12.2.更新校准证书/12.2.1.电子拉力试验机,泰昌试验检测能力历史候选第350页
technical-fact-0042,精确重复，不新增,禁止新增,试验检测能力,False,与现有数字资产精确重复,泰昌技术补充文件,353,（二）专项投标文件/12.检测检验报告（包括型式试验报告、检测报告、鉴定报告、检定报告、校准证书或报告、检测试验报告等相关报告）/12.2.更新校准证书/12.2.2.微机控制电子万能试验机,泰昌试验检测能力历史候选第353页
technical-fact-0043,精确重复，不新增,禁止新增,试验检测能力,False,与现有数字资产精确重复,泰昌技术补充文件,356,（二）专项投标文件/12.检测检验报告（包括型式试验报告、检测报告、鉴定报告、检定报告、校准证书或报告、检测试验报告等相关报告）/12.2.更新校准证书/12.2.3.熔体流动速率仪,泰昌试验检测能力历史候选第356页
technical-fact-0045,精确重复，不新增,禁止新增,试验检测能力,False,与现有数字资产精确重复,泰昌技术补充文件,362,（二）专项投标文件/12.检测检验报告（包括型式试验报告、检测报告、鉴定报告、检定报告、校准证书或报告、检测试验报告等相关报告）/12.2.更新校准证书/12.2.5.锤击试验装置,泰昌试验检测能力历史候选第362页
technical-fact-0046,精确重复，不新增,禁止新增,试验检测能力,False,与现有数字资产精确重复,泰昌技术补充文件,365,（二）专项投标文件/12.检测检验报告（包括型式试验报告、检测报告、鉴定报告、检定报告、校准证书或报告、检测试验报告等相关报告）/12.2.更新校准证书/12.2.6.电子天平,泰昌试验检测能力历史候选第365页
technical-media-0003,精确重复，不新增,禁止新增,项目业绩,False,与现有数字资产精确重复,泰昌技术补充文件,13,（二）专项投标文件/4.符合招标文件投标人资格要求的证明文件/4.1、资格预审通知书,泰昌项目业绩历史候选第13页
technical-media-0031,精确重复，不新增,禁止新增,企业证明材料,False,与现有数字资产精确重复,泰昌技术补充文件,50,（二）专项投标文件/5.针对评审要素，需要补充的其他文件/5.1.产品制造质量控制/5.1.5.资质核实,泰昌企业证明材料历史候选第50页
technical-media-0305,精确重复，不新增,禁止新增,企业证明材料,False,与现有数字资产精确重复,泰昌技术补充文件,308,（二）专项投标文件/7.技术服务，包括培训、安装指导等/7.2.安装指导方案,泰昌企业证明材料历史候选第308页
technical-media-0306,精确重复，不新增,禁止新增,企业证明材料,False,与现有数字资产精确重复,泰昌技术补充文件,314,（二）专项投标文件/8.售后服务保障及承诺/8.1.售后服务保障,泰昌企业证明材料历史候选第314页
technical-media-0307,精确重复，不新增,禁止新增,企业证明材料,False,与现有数字资产精确重复,泰昌技术补充文件,316,（二）专项投标文件/8.售后服务保障及承诺/8.2.服务承诺,泰昌企业证明材料历史候选第316页
technical-media-0308,精确重复，不新增,禁止新增,企业证明材料,False,与现有数字资产精确重复,泰昌技术补充文件,317,（二）专项投标文件/9.质量保证措施方案,泰昌企业证明材料历史候选第317页
technical-media-0323,精确重复，不新增,禁止新增,检验报告,False,与现有数字资产精确重复,泰昌技术补充文件,331,（二）专项投标文件/12.检测检验报告（包括型式试验报告、检测报告、鉴定报告、检定报告、校准证书或报告、检测试验报告等相关报告）/12.1.检测报告/12.1.1.CPVC电缆保护管检验报告,泰昌检验报告历史候选第331页
technical-media-0324,精确重复，不新增,禁止新增,检验报告,False,与现有数字资产精确重复,泰昌技术补充文件,331,（二）专项投标文件/12.检测检验报告（包括型式试验报告、检测报告、鉴定报告、检定报告、校准证书或报告、检测试验报告等相关报告）/12.1.检测报告/12.1.1.CPVC电缆保护管检验报告,泰昌检验报告历史候选第331页
technical-media-0328,精确重复，不新增,禁止新增,检验报告,False,与现有数字资产精确重复,泰昌技术补充文件,336,（二）专项投标文件/12.检测检验报告（包括型式试验报告、检测报告、鉴定报告、检定报告、校准证书或报告、检测试验报告等相关报告）/12.1.检测报告/12.1.2.MPP电缆保护管检验报告,泰昌检验报告历史候选第336页
technical-media-0329,精确重复，不新增,禁止新增,检验报告,False,与现有数字资产精确重复,泰昌技术补充文件,336,（二）专项投标文件/12.检测检验报告（包括型式试验报告、检测报告、鉴定报告、检定报告、校准证书或报告、检测试验报告等相关报告）/12.1.检测报告/12.1.2.MPP电缆保护管检验报告,泰昌检验报告历史候选第336页
technical-table-001,未发现重复，仍需审核,保留历史参考,产品参数表,False,章节或表单只用于历史结构对照，不属于泰昌企业事实资产,泰昌技术补充文件,4,（一）技术偏差表/1.技术偏差表,泰昌技术标历史表单参考：技术偏差表/1.技术偏差表
technical-table-002,未发现重复，仍需审核,保留历史参考,产品参数表,False,章节或表单只用于历史结构对照，不属于泰昌企业事实资产,泰昌技术补充文件,7,（二）专项投标文件/2.技术特性参数表,泰昌技术标历史表单参考：专项投标文件/2.技术特性参数表
technical-table-003,未发现重复，仍需审核,保留历史参考,历史表单结构参考,False,章节或表单只用于历史结构对照，不属于泰昌企业事实资产,泰昌技术补充文件,6,（二）专项投标文件/2.技术特性参数表/（G004-500013634-00006）,泰昌技术标历史表单参考：专项投标文件/2.技术特性参数表/（G004-500013634-00006）
technical-table-004,未发现重复，仍需审核,保留历史参考,历史表单结构参考,False,章节或表单只用于历史结构对照，不属于泰昌企业事实资产,泰昌技术补充文件,9,（二）专项投标文件/2.技术特性参数表/（G004-500013634-00006）,泰昌技术标历史表单参考：专项投标文件/2.技术特性参数表/（G004-500013634-00006）
technical-table-005,未发现重复，仍需审核,保留历史参考,产品参数表,False,章节或表单只用于历史结构对照，不属于泰昌企业事实资产,泰昌技术补充文件,13,（二）专项投标文件/3.货物组件材料配置表,泰昌技术标历史表单参考：专项投标文件/3.货物组件材料配置表
technical-table-006,未发现重复，仍需审核,保留历史参考,历史表单结构参考,False,章节或表单只用于历史结构对照，不属于泰昌企业事实资产,泰昌技术补充文件,310,（二）专项投标文件/7.技术服务，包括培训、安装指导等/7.3.备品备件,泰昌技术标历史表单参考：专项投标文件/7.技术服务，包括培训、安装指导等/7.3.备品备件
technical-table-007,未发现重复，仍需审核,保留历史参考,历史表单结构参考,False,章节或表单只用于历史结构对照，不属于泰昌企业事实资产,泰昌技术补充文件,318,（二）专项投标文件/10.认证证书,泰昌技术标历史表单参考：专项投标文件/10.认证证书
technical-table-008,未发现重复，仍需审核,保留历史参考,历史表单结构参考,False,章节或表单只用于历史结构对照，不属于泰昌企业事实资产,泰昌技术补充文件,327,（二）专项投标文件/11.主要技术人员、项目经理及其相关证书,泰昌技术标历史表单参考：专项投标文件/11.主要技术人员、项目经理及其相关证书
technical-table-009,未发现重复，仍需审核,保留历史参考,历史表单结构参考,False,章节或表单只用于历史结构对照，不属于泰昌企业事实资产,泰昌技术补充文件,329,（二）专项投标文件/12.检测检验报告（包括型式试验报告、检测报告、鉴定报告、检定报告、校准证书或报告、检测试验报告等相关报告）/12.1.检测报告,泰昌技术标历史表单参考：专项投标文件/12.检测检验报告（包括型式试验报告、检测报告、鉴定报告、检定报告、校准证书或报告、检测试验报告等相关报告）/12.1.检测报告
technical-table-010,未发现重复，仍需审核,保留历史参考,历史表单结构参考,False,章节或表单只用于历史结构对照，不属于泰昌企业事实资产,泰昌技术补充文件,350,（二）专项投标文件/12.检测检验报告（包括型式试验报告、检测报告、鉴定报告、检定报告、校准证书或报告、检测试验报告等相关报告）/12.2.更新校准证书,泰昌技术标历史表单参考：专项投标文件/12.检测检验报告（包括型式试验报告、检测报告、鉴定报告、检定报告、校准证书或报告、检测试验报告等相关报告）/12.2.更新校准证书
