ingestion_batch_id,enterprise,doc_owner,source_domain,evidence_type,target_library,source_file,markdown_path,report_no,sample_name,product_family,specification_model,nominal_inner_diameter,inspection_basis,inspection_conclusion,table_index,source_page,row_number,sequence_no,parameter_category,parameter_name,unit,standard_requirement,inspection_result,single_conclusion,value_source,qa_reference_scope,row_data
customer_liaoning_taichang_20260606_p0,泰昌,河北泰昌电力器材科技有限公司,enterprise_fact,inspection_report,product_library,rag_seed/power_grid_resources/05_enterprise_documents/01_泰昌MVP试点企业资料/extracted/泰昌资料/3检验报告/CPVC电缆保护管检验报告内径250.pdf,parsed_outputs/power_grid_customer_corpus/customer_liaoning_taichang_20260606_p0/mineru_batch_04/CPVC电缆保护管检验报告内径250_ff3b09/extract/full.md,2024100312005501713,CPVC电缆保护管,CPVC电缆保护管,DS 250×15×6000 SN16 PVC-C,250,GB/T 8806-2008;QB/T 2803-2006;GB/T 1033.1-2008;GB/T 9647-2015;GB/T 14152-2001;YD/T 841.1-2016;GB/T 8802-2001;GB/T 6671-2001;DL/T 802.1-2023;GB/T 39379-2020,"依据GB/T 8806-2008、QB/T 2803-2006等标准检验,所检项目符合DL/T 802.3-2023标准要求,该样品合格。(检验检测专用章)",1,3,2,1,颜色,颜色,****,导管颜色应均匀一致,符合要求,合格,inspection_report_measured_value,liaoning_tender_parameters_for_extraction_qa_only,"{""expanded_row"": [""1"", ""颜色"", ""颜色"", ""****"", ""导管颜色应均匀一致"", ""符合要求"", ""合格""]}"
customer_liaoning_taichang_20260606_p0,泰昌,河北泰昌电力器材科技有限公司,enterprise_fact,inspection_report,product_library,rag_seed/power_grid_resources/05_enterprise_documents/01_泰昌MVP试点企业资料/extracted/泰昌资料/3检验报告/CPVC电缆保护管检验报告内径250.pdf,parsed_outputs/power_grid_customer_corpus/customer_liaoning_taichang_20260606_p0/mineru_batch_04/CPVC电缆保护管检验报告内径250_ff3b09/extract/full.md,2024100312005501713,CPVC电缆保护管,CPVC电缆保护管,DS 250×15×6000 SN16 PVC-C,250,GB/T 8806-2008;QB/T 2803-2006;GB/T 1033.1-2008;GB/T 9647-2015;GB/T 14152-2001;YD/T 841.1-2016;GB/T 8802-2001;GB/T 6671-2001;DL/T 802.1-2023;GB/T 39379-2020,"依据GB/T 8806-2008、QB/T 2803-2006等标准检验,所检项目符合DL/T 802.3-2023标准要求,该样品合格。(检验检测专用章)",1,3,3,2,外观,外观,****,导管内外壁不应有气泡、裂口和明显的痕纹、凹陷、杂质、分解变色线及色泽不均等缺陷;导管内壁应光滑、平整;导管端面应切割平整并与轴线垂直。,符合要求,合格,inspection_report_measured_value,liaoning_tender_parameters_for_extraction_qa_only,"{""expanded_row"": [""2"", ""外观"", ""外观"", ""****"", ""导管内外壁不应有气泡、裂口和明显的痕纹、凹陷、杂质、分解变色线及色泽不均等缺陷;导管内壁应光滑、平整;导管端面应切割平整并与轴线垂直。"", ""符合要求"", ""合格""]}"
customer_liaoning_taichang_20260606_p0,泰昌,河北泰昌电力器材科技有限公司,enterprise_fact,inspection_report,product_library,rag_seed/power_grid_resources/05_enterprise_documents/01_泰昌MVP试点企业资料/extracted/泰昌资料/3检验报告/CPVC电缆保护管检验报告内径250.pdf,parsed_outputs/power_grid_customer_corpus/customer_liaoning_taichang_20260606_p0/mineru_batch_04/CPVC电缆保护管检验报告内径250_ff3b09/extract/full.md,2024100312005501713,CPVC电缆保护管,CPVC电缆保护管,DS 250×15×6000 SN16 PVC-C,250,GB/T 8806-2008;QB/T 2803-2006;GB/T 1033.1-2008;GB/T 9647-2015;GB/T 14152-2001;YD/T 841.1-2016;GB/T 8802-2001;GB/T 6671-2001;DL/T 802.1-2023;GB/T 39379-2020,"依据GB/T 8806-2008、QB/T 2803-2006等标准检验,所检项目符合DL/T 802.3-2023标准要求,该样品合格。(检验检测专用章)",1,3,4,3,尺寸,尺寸-长度,mm,≥6000,6006,合格,inspection_report_measured_value,liaoning_tender_parameters_for_extraction_qa_only,"{""expanded_row"": [""3"", ""尺寸"", ""长度"", ""mm"", ""≥6000"", ""6006"", ""合格""]}"
customer_liaoning_taichang_20260606_p0,泰昌,河北泰昌电力器材科技有限公司,enterprise_fact,inspection_report,product_library,rag_seed/power_grid_resources/05_enterprise_documents/01_泰昌MVP试点企业资料/extracted/泰昌资料/3检验报告/CPVC电缆保护管检验报告内径250.pdf,parsed_outputs/power_grid_customer_corpus/customer_liaoning_taichang_20260606_p0/mineru_batch_04/CPVC电缆保护管检验报告内径250_ff3b09/extract/full.md,2024100312005501713,CPVC电缆保护管,CPVC电缆保护管,DS 250×15×6000 SN16 PVC-C,250,GB/T 8806-2008;QB/T 2803-2006;GB/T 1033.1-2008;GB/T 9647-2015;GB/T 14152-2001;YD/T 841.1-2016;GB/T 8802-2001;GB/T 6671-2001;DL/T 802.1-2023;GB/T 39379-2020,"依据GB/T 8806-2008、QB/T 2803-2006等标准检验,所检项目符合DL/T 802.3-2023标准要求,该样品合格。(检验检测专用章)",1,3,5,3,尺寸,尺寸-平均内径,mm,250.0~251.5,250.2~250.4,合格,inspection_report_measured_value,liaoning_tender_parameters_for_extraction_qa_only,"{""expanded_row"": [""3"", ""尺寸"", ""平均内径"", ""mm"", ""250.0~251.5"", ""250.2~250.4"", ""合格""]}"
customer_liaoning_taichang_20260606_p0,泰昌,河北泰昌电力器材科技有限公司,enterprise_fact,inspection_report,product_library,rag_seed/power_grid_resources/05_enterprise_documents/01_泰昌MVP试点企业资料/extracted/泰昌资料/3检验报告/CPVC电缆保护管检验报告内径250.pdf,parsed_outputs/power_grid_customer_corpus/customer_liaoning_taichang_20260606_p0/mineru_batch_04/CPVC电缆保护管检验报告内径250_ff3b09/extract/full.md,2024100312005501713,CPVC电缆保护管,CPVC电缆保护管,DS 250×15×6000 SN16 PVC-C,250,GB/T 8806-2008;QB/T 2803-2006;GB/T 1033.1-2008;GB/T 9647-2015;GB/T 14152-2001;YD/T 841.1-2016;GB/T 8802-2001;GB/T 6671-2001;DL/T 802.1-2023;GB/T 39379-2020,"依据GB/T 8806-2008、QB/T 2803-2006等标准检验,所检项目符合DL/T 802.3-2023标准要求,该样品合格。(检验检测专用章)",1,3,6,3,尺寸,尺寸-壁厚,mm,15_0^+1.8,15.2~15.3,合格,inspection_report_measured_value,liaoning_tender_parameters_for_extraction_qa_only,"{""expanded_row"": [""3"", ""尺寸"", ""壁厚"", ""mm"", ""15_0^+1.8"", ""15.2~15.3"", ""合格""]}"
customer_liaoning_taichang_20260606_p0,泰昌,河北泰昌电力器材科技有限公司,enterprise_fact,inspection_report,product_library,rag_seed/power_grid_resources/05_enterprise_documents/01_泰昌MVP试点企业资料/extracted/泰昌资料/3检验报告/CPVC电缆保护管检验报告内径250.pdf,parsed_outputs/power_grid_customer_corpus/customer_liaoning_taichang_20260606_p0/mineru_batch_04/CPVC电缆保护管检验报告内径250_ff3b09/extract/full.md,2024100312005501713,CPVC电缆保护管,CPVC电缆保护管,DS 250×15×6000 SN16 PVC-C,250,GB/T 8806-2008;QB/T 2803-2006;GB/T 1033.1-2008;GB/T 9647-2015;GB/T 14152-2001;YD/T 841.1-2016;GB/T 8802-2001;GB/T 6671-2001;DL/T 802.1-2023;GB/T 39379-2020,"依据GB/T 8806-2008、QB/T 2803-2006等标准检验,所检项目符合DL/T 802.3-2023标准要求,该样品合格。(检验检测专用章)",1,3,7,3,尺寸,尺寸-不圆度,mm,≤4.2,0.4~0.6,合格,inspection_report_measured_value,liaoning_tender_parameters_for_extraction_qa_only,"{""expanded_row"": [""3"", ""尺寸"", ""不圆度"", ""mm"", ""≤4.2"", ""0.4~0.6"", ""合格""]}"
customer_liaoning_taichang_20260606_p0,泰昌,河北泰昌电力器材科技有限公司,enterprise_fact,inspection_report,product_library,rag_seed/power_grid_resources/05_enterprise_documents/01_泰昌MVP试点企业资料/extracted/泰昌资料/3检验报告/CPVC电缆保护管检验报告内径250.pdf,parsed_outputs/power_grid_customer_corpus/customer_liaoning_taichang_20260606_p0/mineru_batch_04/CPVC电缆保护管检验报告内径250_ff3b09/extract/full.md,2024100312005501713,CPVC电缆保护管,CPVC电缆保护管,DS 250×15×6000 SN16 PVC-C,250,GB/T 8806-2008;QB/T 2803-2006;GB/T 1033.1-2008;GB/T 9647-2015;GB/T 14152-2001;YD/T 841.1-2016;GB/T 8802-2001;GB/T 6671-2001;DL/T 802.1-2023;GB/T 39379-2020,"依据GB/T 8806-2008、QB/T 2803-2006等标准检验,所检项目符合DL/T 802.3-2023标准要求,该样品合格。(检验检测专用章)",1,3,8,3,尺寸,尺寸-承口平均内径,mm,280.0~281.5,280.5,合格,inspection_report_measured_value,liaoning_tender_parameters_for_extraction_qa_only,"{""expanded_row"": [""3"", ""尺寸"", ""承口平均内径"", ""mm"", ""280.0~281.5"", ""280.5"", ""合格""]}"
customer_liaoning_taichang_20260606_p0,泰昌,河北泰昌电力器材科技有限公司,enterprise_fact,inspection_report,product_library,rag_seed/power_grid_resources/05_enterprise_documents/01_泰昌MVP试点企业资料/extracted/泰昌资料/3检验报告/CPVC电缆保护管检验报告内径250.pdf,parsed_outputs/power_grid_customer_corpus/customer_liaoning_taichang_20260606_p0/mineru_batch_04/CPVC电缆保护管检验报告内径250_ff3b09/extract/full.md,2024100312005501713,CPVC电缆保护管,CPVC电缆保护管,DS 250×15×6000 SN16 PVC-C,250,GB/T 8806-2008;QB/T 2803-2006;GB/T 1033.1-2008;GB/T 9647-2015;GB/T 14152-2001;YD/T 841.1-2016;GB/T 8802-2001;GB/T 6671-2001;DL/T 802.1-2023;GB/T 39379-2020,"依据GB/T 8806-2008、QB/T 2803-2006等标准检验,所检项目符合DL/T 802.3-2023标准要求,该样品合格。(检验检测专用章)",1,3,9,3,尺寸,尺寸-承口壁厚,mm,≥12,15.1~15.3,合格,inspection_report_measured_value,liaoning_tender_parameters_for_extraction_qa_only,"{""expanded_row"": [""3"", ""尺寸"", ""承口壁厚"", ""mm"", ""≥12"", ""15.1~15.3"", ""合格""]}"
customer_liaoning_taichang_20260606_p0,泰昌,河北泰昌电力器材科技有限公司,enterprise_fact,inspection_report,product_library,rag_seed/power_grid_resources/05_enterprise_documents/01_泰昌MVP试点企业资料/extracted/泰昌资料/3检验报告/CPVC电缆保护管检验报告内径250.pdf,parsed_outputs/power_grid_customer_corpus/customer_liaoning_taichang_20260606_p0/mineru_batch_04/CPVC电缆保护管检验报告内径250_ff3b09/extract/full.md,2024100312005501713,CPVC电缆保护管,CPVC电缆保护管,DS 250×15×6000 SN16 PVC-C,250,GB/T 8806-2008;QB/T 2803-2006;GB/T 1033.1-2008;GB/T 9647-2015;GB/T 14152-2001;YD/T 841.1-2016;GB/T 8802-2001;GB/T 6671-2001;DL/T 802.1-2023;GB/T 39379-2020,"依据GB/T 8806-2008、QB/T 2803-2006等标准检验,所检项目符合DL/T 802.3-2023标准要求,该样品合格。(检验检测专用章)",1,3,10,3,尺寸,尺寸-承口最小深度,mm,≥120,120.8,合格,inspection_report_measured_value,liaoning_tender_parameters_for_extraction_qa_only,"{""expanded_row"": [""3"", ""尺寸"", ""承口最小深度"", ""mm"", ""≥120"", ""120.8"", ""合格""]}"
customer_liaoning_taichang_20260606_p0,泰昌,河北泰昌电力器材科技有限公司,enterprise_fact,inspection_report,product_library,rag_seed/power_grid_resources/05_enterprise_documents/01_泰昌MVP试点企业资料/extracted/泰昌资料/3检验报告/CPVC电缆保护管检验报告内径250.pdf,parsed_outputs/power_grid_customer_corpus/customer_liaoning_taichang_20260606_p0/mineru_batch_04/CPVC电缆保护管检验报告内径250_ff3b09/extract/full.md,2024100312005501713,CPVC电缆保护管,CPVC电缆保护管,DS 250×15×6000 SN16 PVC-C,250,GB/T 8806-2008;QB/T 2803-2006;GB/T 1033.1-2008;GB/T 9647-2015;GB/T 14152-2001;YD/T 841.1-2016;GB/T 8802-2001;GB/T 6671-2001;DL/T 802.1-2023;GB/T 39379-2020,"依据GB/T 8806-2008、QB/T 2803-2006等标准检验,所检项目符合DL/T 802.3-2023标准要求,该样品合格。(检验检测专用章)",1,3,11,3,尺寸,尺寸-弯曲度,%,≤0.5,0.3,合格,inspection_report_measured_value,liaoning_tender_parameters_for_extraction_qa_only,"{""expanded_row"": [""3"", ""尺寸"", ""弯曲度"", ""%"", ""≤0.5"", ""0.3"", ""合格""]}"
customer_liaoning_taichang_20260606_p0,泰昌,河北泰昌电力器材科技有限公司,enterprise_fact,inspection_report,product_library,rag_seed/power_grid_resources/05_enterprise_documents/01_泰昌MVP试点企业资料/extracted/泰昌资料/3检验报告/CPVC电缆保护管检验报告内径250.pdf,parsed_outputs/power_grid_customer_corpus/customer_liaoning_taichang_20260606_p0/mineru_batch_04/CPVC电缆保护管检验报告内径250_ff3b09/extract/full.md,2024100312005501713,CPVC电缆保护管,CPVC电缆保护管,DS 250×15×6000 SN16 PVC-C,250,GB/T 8806-2008;QB/T 2803-2006;GB/T 1033.1-2008;GB/T 9647-2015;GB/T 14152-2001;YD/T 841.1-2016;GB/T 8802-2001;GB/T 6671-2001;DL/T 802.1-2023;GB/T 39379-2020,"依据GB/T 8806-2008、QB/T 2803-2006等标准检验,所检项目符合DL/T 802.3-2023标准要求,该样品合格。(检验检测专用章)",1,3,12,4,密度,密度,g/cm3,≤1.60,1.519,合格,inspection_report_measured_value,liaoning_tender_parameters_for_extraction_qa_only,"{""expanded_row"": [""4"", ""密度"", ""密度"", ""g/cm3"", ""≤1.60"", ""1.519"", ""合格""]}"
customer_liaoning_taichang_20260606_p0,泰昌,河北泰昌电力器材科技有限公司,enterprise_fact,inspection_report,product_library,rag_seed/power_grid_resources/05_enterprise_documents/01_泰昌MVP试点企业资料/extracted/泰昌资料/3检验报告/CPVC电缆保护管检验报告内径250.pdf,parsed_outputs/power_grid_customer_corpus/customer_liaoning_taichang_20260606_p0/mineru_batch_04/CPVC电缆保护管检验报告内径250_ff3b09/extract/full.md,2024100312005501713,CPVC电缆保护管,CPVC电缆保护管,DS 250×15×6000 SN16 PVC-C,250,GB/T 8806-2008;QB/T 2803-2006;GB/T 1033.1-2008;GB/T 9647-2015;GB/T 14152-2001;YD/T 841.1-2016;GB/T 8802-2001;GB/T 6671-2001;DL/T 802.1-2023;GB/T 39379-2020,"依据GB/T 8806-2008、QB/T 2803-2006等标准检验,所检项目符合DL/T 802.3-2023标准要求,该样品合格。(检验检测专用章)",1,3,13,5,环刚度(80°C),环刚度(80°C),kN/m2,≥16,21.63,合格,inspection_report_measured_value,liaoning_tender_parameters_for_extraction_qa_only,"{""expanded_row"": [""5"", ""环刚度(80°C)"", ""环刚度(80°C)"", ""kN/m2"", ""≥16"", ""21.63"", ""合格""]}"
customer_liaoning_taichang_20260606_p0,泰昌,河北泰昌电力器材科技有限公司,enterprise_fact,inspection_report,product_library,rag_seed/power_grid_resources/05_enterprise_documents/01_泰昌MVP试点企业资料/extracted/泰昌资料/3检验报告/CPVC电缆保护管检验报告内径250.pdf,parsed_outputs/power_grid_customer_corpus/customer_liaoning_taichang_20260606_p0/mineru_batch_04/CPVC电缆保护管检验报告内径250_ff3b09/extract/full.md,2024100312005501713,CPVC电缆保护管,CPVC电缆保护管,DS 250×15×6000 SN16 PVC-C,250,GB/T 8806-2008;QB/T 2803-2006;GB/T 1033.1-2008;GB/T 9647-2015;GB/T 14152-2001;YD/T 841.1-2016;GB/T 8802-2001;GB/T 6671-2001;DL/T 802.1-2023;GB/T 39379-2020,"依据GB/T 8806-2008、QB/T 2803-2006等标准检验,所检项目符合DL/T 802.3-2023标准要求,该样品合格。(检验检测专用章)",1,3,14,6,压扁试验,压扁试验,****,"加载负荷至试样垂直方向变形量为原内径的30%时,试样内、外壁应均无破裂。",符合要求,合格,inspection_report_measured_value,liaoning_tender_parameters_for_extraction_qa_only,"{""expanded_row"": [""6"", ""压扁试验"", ""压扁试验"", ""****"", ""加载负荷至试样垂直方向变形量为原内径的30%时,试样内、外壁应均无破裂。"", ""符合要求"", ""合格""]}"
customer_liaoning_taichang_20260606_p0,泰昌,河北泰昌电力器材科技有限公司,enterprise_fact,inspection_report,product_library,rag_seed/power_grid_resources/05_enterprise_documents/01_泰昌MVP试点企业资料/extracted/泰昌资料/3检验报告/CPVC电缆保护管检验报告内径250.pdf,parsed_outputs/power_grid_customer_corpus/customer_liaoning_taichang_20260606_p0/mineru_batch_04/CPVC电缆保护管检验报告内径250_ff3b09/extract/full.md,2024100312005501713,CPVC电缆保护管,CPVC电缆保护管,DS 250×15×6000 SN16 PVC-C,250,GB/T 8806-2008;QB/T 2803-2006;GB/T 1033.1-2008;GB/T 9647-2015;GB/T 14152-2001;YD/T 841.1-2016;GB/T 8802-2001;GB/T 6671-2001;DL/T 802.1-2023;GB/T 39379-2020,"依据GB/T 8806-2008、QB/T 2803-2006等标准检验,所检项目符合DL/T 802.3-2023标准要求,该样品合格。(检验检测专用章)",1,3,15,7,落锤冲击,落锤冲击,****,"落锤质量5.0kg,冲击高度1200mm,取10个试样,每个试样冲击一次,冲击后10个试样中至少有9个不破裂。",10个试样均未破裂,合格,inspection_report_measured_value,liaoning_tender_parameters_for_extraction_qa_only,"{""expanded_row"": [""7"", ""落锤冲击"", ""落锤冲击"", ""****"", ""落锤质量5.0kg,冲击高度1200mm,取10个试样,每个试样冲击一次,冲击后10个试样中至少有9个不破裂。"", ""10个试样均未破裂"", ""合格""]}"
customer_liaoning_taichang_20260606_p0,泰昌,河北泰昌电力器材科技有限公司,enterprise_fact,inspection_report,product_library,rag_seed/power_grid_resources/05_enterprise_documents/01_泰昌MVP试点企业资料/extracted/泰昌资料/3检验报告/CPVC电缆保护管检验报告内径250.pdf,parsed_outputs/power_grid_customer_corpus/customer_liaoning_taichang_20260606_p0/mineru_batch_04/CPVC电缆保护管检验报告内径250_ff3b09/extract/full.md,2024100312005501713,CPVC电缆保护管,CPVC电缆保护管,DS 250×15×6000 SN16 PVC-C,250,GB/T 8806-2008;QB/T 2803-2006;GB/T 1033.1-2008;GB/T 9647-2015;GB/T 14152-2001;YD/T 841.1-2016;GB/T 8802-2001;GB/T 6671-2001;DL/T 802.1-2023;GB/T 39379-2020,"依据GB/T 8806-2008、QB/T 2803-2006等标准检验,所检项目符合DL/T 802.3-2023标准要求,该样品合格。(检验检测专用章)",2,4,2,8,,静摩擦系数,****,≤ 0.35,0.31,合格,inspection_report_measured_value,liaoning_tender_parameters_for_extraction_qa_only,"{""expanded_row"": [""8"", ""静摩擦系数"", ""****"", ""≤ 0.35"", ""0.31"", ""合格""]}"
customer_liaoning_taichang_20260606_p0,泰昌,河北泰昌电力器材科技有限公司,enterprise_fact,inspection_report,product_library,rag_seed/power_grid_resources/05_enterprise_documents/01_泰昌MVP试点企业资料/extracted/泰昌资料/3检验报告/CPVC电缆保护管检验报告内径250.pdf,parsed_outputs/power_grid_customer_corpus/customer_liaoning_taichang_20260606_p0/mineru_batch_04/CPVC电缆保护管检验报告内径250_ff3b09/extract/full.md,2024100312005501713,CPVC电缆保护管,CPVC电缆保护管,DS 250×15×6000 SN16 PVC-C,250,GB/T 8806-2008;QB/T 2803-2006;GB/T 1033.1-2008;GB/T 9647-2015;GB/T 14152-2001;YD/T 841.1-2016;GB/T 8802-2001;GB/T 6671-2001;DL/T 802.1-2023;GB/T 39379-2020,"依据GB/T 8806-2008、QB/T 2803-2006等标准检验,所检项目符合DL/T 802.3-2023标准要求,该样品合格。(检验检测专用章)",2,4,3,9,,维卡软化温度,°C,≥ 93,95,合格,inspection_report_measured_value,liaoning_tender_parameters_for_extraction_qa_only,"{""expanded_row"": [""9"", ""维卡软化温度"", ""°C"", ""≥ 93"", ""95"", ""合格""]}"
customer_liaoning_taichang_20260606_p0,泰昌,河北泰昌电力器材科技有限公司,enterprise_fact,inspection_report,product_library,rag_seed/power_grid_resources/05_enterprise_documents/01_泰昌MVP试点企业资料/extracted/泰昌资料/3检验报告/CPVC电缆保护管检验报告内径250.pdf,parsed_outputs/power_grid_customer_corpus/customer_liaoning_taichang_20260606_p0/mineru_batch_04/CPVC电缆保护管检验报告内径250_ff3b09/extract/full.md,2024100312005501713,CPVC电缆保护管,CPVC电缆保护管,DS 250×15×6000 SN16 PVC-C,250,GB/T 8806-2008;QB/T 2803-2006;GB/T 1033.1-2008;GB/T 9647-2015;GB/T 14152-2001;YD/T 841.1-2016;GB/T 8802-2001;GB/T 6671-2001;DL/T 802.1-2023;GB/T 39379-2020,"依据GB/T 8806-2008、QB/T 2803-2006等标准检验,所检项目符合DL/T 802.3-2023标准要求,该样品合格。(检验检测专用章)",2,4,4,10,,纵向回缩率,%,≤ 5,2.8,合格,inspection_report_measured_value,liaoning_tender_parameters_for_extraction_qa_only,"{""expanded_row"": [""10"", ""纵向回缩率"", ""%"", ""≤ 5"", ""2.8"", ""合格""]}"
customer_liaoning_taichang_20260606_p0,泰昌,河北泰昌电力器材科技有限公司,enterprise_fact,inspection_report,product_library,rag_seed/power_grid_resources/05_enterprise_documents/01_泰昌MVP试点企业资料/extracted/泰昌资料/3检验报告/CPVC电缆保护管检验报告内径250.pdf,parsed_outputs/power_grid_customer_corpus/customer_liaoning_taichang_20260606_p0/mineru_batch_04/CPVC电缆保护管检验报告内径250_ff3b09/extract/full.md,2024100312005501713,CPVC电缆保护管,CPVC电缆保护管,DS 250×15×6000 SN16 PVC-C,250,GB/T 8806-2008;QB/T 2803-2006;GB/T 1033.1-2008;GB/T 9647-2015;GB/T 14152-2001;YD/T 841.1-2016;GB/T 8802-2001;GB/T 6671-2001;DL/T 802.1-2023;GB/T 39379-2020,"依据GB/T 8806-2008、QB/T 2803-2006等标准检验,所检项目符合DL/T 802.3-2023标准要求,该样品合格。(检验检测专用章)",2,4,5,11,,散热性能,°C,"常温下放置规定的时间,导管内、外壁温度均 ≤ 30^°C 。",内壁:24.9;24.8;24.8内壁平均:24.8外壁:24.1;24.4;24.1外壁平均:24.2,合格,inspection_report_measured_value,liaoning_tender_parameters_for_extraction_qa_only,"{""expanded_row"": [""11"", ""散热性能"", ""°C"", ""常温下放置规定的时间,导管内、外壁温度均 ≤ 30^°C 。"", ""内壁:24.9;24.8;24.8内壁平均:24.8外壁:24.1;24.4;24.1外壁平均:24.2"", ""合格""]}"
customer_liaoning_taichang_20260606_p0,泰昌,河北泰昌电力器材科技有限公司,enterprise_fact,inspection_report,product_library,rag_seed/power_grid_resources/05_enterprise_documents/01_泰昌MVP试点企业资料/extracted/泰昌资料/3检验报告/CPVC电缆保护管检验报告内径250.pdf,parsed_outputs/power_grid_customer_corpus/customer_liaoning_taichang_20260606_p0/mineru_batch_04/CPVC电缆保护管检验报告内径250_ff3b09/extract/full.md,2024100312005501713,CPVC电缆保护管,CPVC电缆保护管,DS 250×15×6000 SN16 PVC-C,250,GB/T 8806-2008;QB/T 2803-2006;GB/T 1033.1-2008;GB/T 9647-2015;GB/T 14152-2001;YD/T 841.1-2016;GB/T 8802-2001;GB/T 6671-2001;DL/T 802.1-2023;GB/T 39379-2020,"依据GB/T 8806-2008、QB/T 2803-2006等标准检验,所检项目符合DL/T 802.3-2023标准要求,该样品合格。(检验检测专用章)",2,4,6,12,,接头密封性能,****,"室温下充满水加压至0.05MPa保持15min,接头处不应漏水、渗水。",符合要求,合格,inspection_report_measured_value,liaoning_tender_parameters_for_extraction_qa_only,"{""expanded_row"": [""12"", ""接头密封性能"", ""****"", ""室温下充满水加压至0.05MPa保持15min,接头处不应漏水、渗水。"", ""符合要求"", ""合格""]}"
customer_liaoning_taichang_20260606_p0,泰昌,河北泰昌电力器材科技有限公司,enterprise_fact,inspection_report,product_library,rag_seed/power_grid_resources/05_enterprise_documents/01_泰昌MVP试点企业资料/extracted/泰昌资料/3检验报告/MPP电缆保护管检验报告内径250.pdf,parsed_outputs/power_grid_customer_corpus/customer_liaoning_taichang_20260606_p0/mineru_batch_04/MPP电缆保护管检验报告内径250_676152/extract/full.md,2024100312005501712,MPP电缆保护管,MPP电缆保护管,DF 250×22×9000 SN40 MPP,250,GB/T 8806-2008; QB/T 2803-2006; GB/T 1033.1-2008; GB/T 9647-2015; GB/T 8804.3-2003; GB/T 14152-2001; YD/T 841.1-2016; GB/T 1633-2000; GB/T 6671-2001; DL/T 802.1-2023,"依据GB/T 8806-2008、QB/T 2803-2006等标准检验,所检项目符合DL/T 802.7-2023标准要求,该样品合格。(检验检测专用章)",1,3,2,1,颜色和外观,颜色和外观,****,导管颜色应均匀一致;导管内外壁不应有气泡、裂口和明显的痕纹、凹陷、杂质、分解变色线及色泽不均等缺陷;导管内壁应光滑、平整;导管端面应切割平整并与轴线垂直。,符合要求,合格,inspection_report_measured_value,liaoning_tender_parameters_for_extraction_qa_only,"{""expanded_row"": [""1"", ""颜色和外观"", ""颜色和外观"", ""****"", ""导管颜色应均匀一致;导管内外壁不应有气泡、裂口和明显的痕纹、凹陷、杂质、分解变色线及色泽不均等缺陷;导管内壁应光滑、平整;导管端面应切割平整并与轴线垂直。"", ""符合要求"", ""合格""]}"
customer_liaoning_taichang_20260606_p0,泰昌,河北泰昌电力器材科技有限公司,enterprise_fact,inspection_report,product_library,rag_seed/power_grid_resources/05_enterprise_documents/01_泰昌MVP试点企业资料/extracted/泰昌资料/3检验报告/MPP电缆保护管检验报告内径250.pdf,parsed_outputs/power_grid_customer_corpus/customer_liaoning_taichang_20260606_p0/mineru_batch_04/MPP电缆保护管检验报告内径250_676152/extract/full.md,2024100312005501712,MPP电缆保护管,MPP电缆保护管,DF 250×22×9000 SN40 MPP,250,GB/T 8806-2008; QB/T 2803-2006; GB/T 1033.1-2008; GB/T 9647-2015; GB/T 8804.3-2003; GB/T 14152-2001; YD/T 841.1-2016; GB/T 1633-2000; GB/T 6671-2001; DL/T 802.1-2023,"依据GB/T 8806-2008、QB/T 2803-2006等标准检验,所检项目符合DL/T 802.7-2023标准要求,该样品合格。(检验检测专用章)",1,3,3,2,尺寸,尺寸-长度,mm,≥ 9000,9002,合格,inspection_report_measured_value,liaoning_tender_parameters_for_extraction_qa_only,"{""expanded_row"": [""2"", ""尺寸"", ""长度"", ""mm"", ""≥ 9000"", ""9002"", ""合格""]}"
customer_liaoning_taichang_20260606_p0,泰昌,河北泰昌电力器材科技有限公司,enterprise_fact,inspection_report,product_library,rag_seed/power_grid_resources/05_enterprise_documents/01_泰昌MVP试点企业资料/extracted/泰昌资料/3检验报告/MPP电缆保护管检验报告内径250.pdf,parsed_outputs/power_grid_customer_corpus/customer_liaoning_taichang_20260606_p0/mineru_batch_04/MPP电缆保护管检验报告内径250_676152/extract/full.md,2024100312005501712,MPP电缆保护管,MPP电缆保护管,DF 250×22×9000 SN40 MPP,250,GB/T 8806-2008; QB/T 2803-2006; GB/T 1033.1-2008; GB/T 9647-2015; GB/T 8804.3-2003; GB/T 14152-2001; YD/T 841.1-2016; GB/T 1633-2000; GB/T 6671-2001; DL/T 802.1-2023,"依据GB/T 8806-2008、QB/T 2803-2006等标准检验,所检项目符合DL/T 802.7-2023标准要求,该样品合格。(检验检测专用章)",1,3,4,2,尺寸,尺寸-平均内径,mm,250.0~251.5,250.0~250.2,合格,inspection_report_measured_value,liaoning_tender_parameters_for_extraction_qa_only,"{""expanded_row"": [""2"", ""尺寸"", ""平均内径"", ""mm"", ""250.0~251.5"", ""250.0~250.2"", ""合格""]}"
customer_liaoning_taichang_20260606_p0,泰昌,河北泰昌电力器材科技有限公司,enterprise_fact,inspection_report,product_library,rag_seed/power_grid_resources/05_enterprise_documents/01_泰昌MVP试点企业资料/extracted/泰昌资料/3检验报告/MPP电缆保护管检验报告内径250.pdf,parsed_outputs/power_grid_customer_corpus/customer_liaoning_taichang_20260606_p0/mineru_batch_04/MPP电缆保护管检验报告内径250_676152/extract/full.md,2024100312005501712,MPP电缆保护管,MPP电缆保护管,DF 250×22×9000 SN40 MPP,250,GB/T 8806-2008; QB/T 2803-2006; GB/T 1033.1-2008; GB/T 9647-2015; GB/T 8804.3-2003; GB/T 14152-2001; YD/T 841.1-2016; GB/T 1633-2000; GB/T 6671-2001; DL/T 802.1-2023,"依据GB/T 8806-2008、QB/T 2803-2006等标准检验,所检项目符合DL/T 802.7-2023标准要求,该样品合格。(检验检测专用章)",1,3,5,2,尺寸,尺寸-壁厚,mm,22_0^+2.0,22.0~22.1,合格,inspection_report_measured_value,liaoning_tender_parameters_for_extraction_qa_only,"{""expanded_row"": [""2"", ""尺寸"", ""壁厚"", ""mm"", ""22_0^+2.0"", ""22.0~22.1"", ""合格""]}"
customer_liaoning_taichang_20260606_p0,泰昌,河北泰昌电力器材科技有限公司,enterprise_fact,inspection_report,product_library,rag_seed/power_grid_resources/05_enterprise_documents/01_泰昌MVP试点企业资料/extracted/泰昌资料/3检验报告/MPP电缆保护管检验报告内径250.pdf,parsed_outputs/power_grid_customer_corpus/customer_liaoning_taichang_20260606_p0/mineru_batch_04/MPP电缆保护管检验报告内径250_676152/extract/full.md,2024100312005501712,MPP电缆保护管,MPP电缆保护管,DF 250×22×9000 SN40 MPP,250,GB/T 8806-2008; QB/T 2803-2006; GB/T 1033.1-2008; GB/T 9647-2015; GB/T 8804.3-2003; GB/T 14152-2001; YD/T 841.1-2016; GB/T 1633-2000; GB/T 6671-2001; DL/T 802.1-2023,"依据GB/T 8806-2008、QB/T 2803-2006等标准检验,所检项目符合DL/T 802.7-2023标准要求,该样品合格。(检验检测专用章)",1,3,6,2,尺寸,尺寸-不圆度,mm,≤ 4.2,0.2~0.4,合格,inspection_report_measured_value,liaoning_tender_parameters_for_extraction_qa_only,"{""expanded_row"": [""2"", ""尺寸"", ""不圆度"", ""mm"", ""≤ 4.2"", ""0.2~0.4"", ""合格""]}"
customer_liaoning_taichang_20260606_p0,泰昌,河北泰昌电力器材科技有限公司,enterprise_fact,inspection_report,product_library,rag_seed/power_grid_resources/05_enterprise_documents/01_泰昌MVP试点企业资料/extracted/泰昌资料/3检验报告/MPP电缆保护管检验报告内径250.pdf,parsed_outputs/power_grid_customer_corpus/customer_liaoning_taichang_20260606_p0/mineru_batch_04/MPP电缆保护管检验报告内径250_676152/extract/full.md,2024100312005501712,MPP电缆保护管,MPP电缆保护管,DF 250×22×9000 SN40 MPP,250,GB/T 8806-2008; QB/T 2803-2006; GB/T 1033.1-2008; GB/T 9647-2015; GB/T 8804.3-2003; GB/T 14152-2001; YD/T 841.1-2016; GB/T 1633-2000; GB/T 6671-2001; DL/T 802.1-2023,"依据GB/T 8806-2008、QB/T 2803-2006等标准检验,所检项目符合DL/T 802.7-2023标准要求,该样品合格。(检验检测专用章)",1,3,7,2,尺寸,尺寸-弯曲度,%,≤ 0.5,0.2,合格,inspection_report_measured_value,liaoning_tender_parameters_for_extraction_qa_only,"{""expanded_row"": [""2"", ""尺寸"", ""弯曲度"", ""%"", ""≤ 0.5"", ""0.2"", ""合格""]}"
customer_liaoning_taichang_20260606_p0,泰昌,河北泰昌电力器材科技有限公司,enterprise_fact,inspection_report,product_library,rag_seed/power_grid_resources/05_enterprise_documents/01_泰昌MVP试点企业资料/extracted/泰昌资料/3检验报告/MPP电缆保护管检验报告内径250.pdf,parsed_outputs/power_grid_customer_corpus/customer_liaoning_taichang_20260606_p0/mineru_batch_04/MPP电缆保护管检验报告内径250_676152/extract/full.md,2024100312005501712,MPP电缆保护管,MPP电缆保护管,DF 250×22×9000 SN40 MPP,250,GB/T 8806-2008; QB/T 2803-2006; GB/T 1033.1-2008; GB/T 9647-2015; GB/T 8804.3-2003; GB/T 14152-2001; YD/T 841.1-2016; GB/T 1633-2000; GB/T 6671-2001; DL/T 802.1-2023,"依据GB/T 8806-2008、QB/T 2803-2006等标准检验,所检项目符合DL/T 802.7-2023标准要求,该样品合格。(检验检测专用章)",1,3,8,3,密度,密度,g/cm3,0.89~0.93,0.903,合格,inspection_report_measured_value,liaoning_tender_parameters_for_extraction_qa_only,"{""expanded_row"": [""3"", ""密度"", ""密度"", ""g/cm3"", ""0.89~0.93"", ""0.903"", ""合格""]}"
customer_liaoning_taichang_20260606_p0,泰昌,河北泰昌电力器材科技有限公司,enterprise_fact,inspection_report,product_library,rag_seed/power_grid_resources/05_enterprise_documents/01_泰昌MVP试点企业资料/extracted/泰昌资料/3检验报告/MPP电缆保护管检验报告内径250.pdf,parsed_outputs/power_grid_customer_corpus/customer_liaoning_taichang_20260606_p0/mineru_batch_04/MPP电缆保护管检验报告内径250_676152/extract/full.md,2024100312005501712,MPP电缆保护管,MPP电缆保护管,DF 250×22×9000 SN40 MPP,250,GB/T 8806-2008; QB/T 2803-2006; GB/T 1033.1-2008; GB/T 9647-2015; GB/T 8804.3-2003; GB/T 14152-2001; YD/T 841.1-2016; GB/T 1633-2000; GB/T 6671-2001; DL/T 802.1-2023,"依据GB/T 8806-2008、QB/T 2803-2006等标准检验,所检项目符合DL/T 802.7-2023标准要求,该样品合格。(检验检测专用章)",1,3,9,4,环刚度,环刚度,kN/m2,≥ 40,66.40,合格,inspection_report_measured_value,liaoning_tender_parameters_for_extraction_qa_only,"{""expanded_row"": [""4"", ""环刚度"", ""环刚度"", ""kN/m2"", ""≥ 40"", ""66.40"", ""合格""]}"
customer_liaoning_taichang_20260606_p0,泰昌,河北泰昌电力器材科技有限公司,enterprise_fact,inspection_report,product_library,rag_seed/power_grid_resources/05_enterprise_documents/01_泰昌MVP试点企业资料/extracted/泰昌资料/3检验报告/MPP电缆保护管检验报告内径250.pdf,parsed_outputs/power_grid_customer_corpus/customer_liaoning_taichang_20260606_p0/mineru_batch_04/MPP电缆保护管检验报告内径250_676152/extract/full.md,2024100312005501712,MPP电缆保护管,MPP电缆保护管,DF 250×22×9000 SN40 MPP,250,GB/T 8806-2008; QB/T 2803-2006; GB/T 1033.1-2008; GB/T 9647-2015; GB/T 8804.3-2003; GB/T 14152-2001; YD/T 841.1-2016; GB/T 1633-2000; GB/T 6671-2001; DL/T 802.1-2023,"依据GB/T 8806-2008、QB/T 2803-2006等标准检验,所检项目符合DL/T 802.7-2023标准要求,该样品合格。(检验检测专用章)",1,3,10,5,压扁试验,压扁试验,****,"加载负荷至试样两内壁相碰,试样不应出现破裂。",符合要求,合格,inspection_report_measured_value,liaoning_tender_parameters_for_extraction_qa_only,"{""expanded_row"": [""5"", ""压扁试验"", ""压扁试验"", ""****"", ""加载负荷至试样两内壁相碰,试样不应出现破裂。"", ""符合要求"", ""合格""]}"
customer_liaoning_taichang_20260606_p0,泰昌,河北泰昌电力器材科技有限公司,enterprise_fact,inspection_report,product_library,rag_seed/power_grid_resources/05_enterprise_documents/01_泰昌MVP试点企业资料/extracted/泰昌资料/3检验报告/MPP电缆保护管检验报告内径250.pdf,parsed_outputs/power_grid_customer_corpus/customer_liaoning_taichang_20260606_p0/mineru_batch_04/MPP电缆保护管检验报告内径250_676152/extract/full.md,2024100312005501712,MPP电缆保护管,MPP电缆保护管,DF 250×22×9000 SN40 MPP,250,GB/T 8806-2008; QB/T 2803-2006; GB/T 1033.1-2008; GB/T 9647-2015; GB/T 8804.3-2003; GB/T 14152-2001; YD/T 841.1-2016; GB/T 1633-2000; GB/T 6671-2001; DL/T 802.1-2023,"依据GB/T 8806-2008、QB/T 2803-2006等标准检验,所检项目符合DL/T 802.7-2023标准要求,该样品合格。(检验检测专用章)",1,3,11,6,拉伸强度,拉伸强度,MPa,≥ 25,25.4,合格,inspection_report_measured_value,liaoning_tender_parameters_for_extraction_qa_only,"{""expanded_row"": [""6"", ""拉伸强度"", ""拉伸强度"", ""MPa"", ""≥ 25"", ""25.4"", ""合格""]}"
customer_liaoning_taichang_20260606_p0,泰昌,河北泰昌电力器材科技有限公司,enterprise_fact,inspection_report,product_library,rag_seed/power_grid_resources/05_enterprise_documents/01_泰昌MVP试点企业资料/extracted/泰昌资料/3检验报告/MPP电缆保护管检验报告内径250.pdf,parsed_outputs/power_grid_customer_corpus/customer_liaoning_taichang_20260606_p0/mineru_batch_04/MPP电缆保护管检验报告内径250_676152/extract/full.md,2024100312005501712,MPP电缆保护管,MPP电缆保护管,DF 250×22×9000 SN40 MPP,250,GB/T 8806-2008; QB/T 2803-2006; GB/T 1033.1-2008; GB/T 9647-2015; GB/T 8804.3-2003; GB/T 14152-2001; YD/T 841.1-2016; GB/T 1633-2000; GB/T 6671-2001; DL/T 802.1-2023,"依据GB/T 8806-2008、QB/T 2803-2006等标准检验,所检项目符合DL/T 802.7-2023标准要求,该样品合格。(检验检测专用章)",2,4,2,7,,焊接强度,MPa,≥ 22.5,22.9,合格,inspection_report_measured_value,liaoning_tender_parameters_for_extraction_qa_only,"{""expanded_row"": [""7"", ""焊接强度"", ""MPa"", ""≥ 22.5"", ""22.9"", ""合格""]}"
customer_liaoning_taichang_20260606_p0,泰昌,河北泰昌电力器材科技有限公司,enterprise_fact,inspection_report,product_library,rag_seed/power_grid_resources/05_enterprise_documents/01_泰昌MVP试点企业资料/extracted/泰昌资料/3检验报告/MPP电缆保护管检验报告内径250.pdf,parsed_outputs/power_grid_customer_corpus/customer_liaoning_taichang_20260606_p0/mineru_batch_04/MPP电缆保护管检验报告内径250_676152/extract/full.md,2024100312005501712,MPP电缆保护管,MPP电缆保护管,DF 250×22×9000 SN40 MPP,250,GB/T 8806-2008; QB/T 2803-2006; GB/T 1033.1-2008; GB/T 9647-2015; GB/T 8804.3-2003; GB/T 14152-2001; YD/T 841.1-2016; GB/T 1633-2000; GB/T 6671-2001; DL/T 802.1-2023,"依据GB/T 8806-2008、QB/T 2803-2006等标准检验,所检项目符合DL/T 802.7-2023标准要求,该样品合格。(检验检测专用章)",2,4,3,8,,断裂伸长率,%,≥ 150,176,合格,inspection_report_measured_value,liaoning_tender_parameters_for_extraction_qa_only,"{""expanded_row"": [""8"", ""断裂伸长率"", ""%"", ""≥ 150"", ""176"", ""合格""]}"
customer_liaoning_taichang_20260606_p0,泰昌,河北泰昌电力器材科技有限公司,enterprise_fact,inspection_report,product_library,rag_seed/power_grid_resources/05_enterprise_documents/01_泰昌MVP试点企业资料/extracted/泰昌资料/3检验报告/MPP电缆保护管检验报告内径250.pdf,parsed_outputs/power_grid_customer_corpus/customer_liaoning_taichang_20260606_p0/mineru_batch_04/MPP电缆保护管检验报告内径250_676152/extract/full.md,2024100312005501712,MPP电缆保护管,MPP电缆保护管,DF 250×22×9000 SN40 MPP,250,GB/T 8806-2008; QB/T 2803-2006; GB/T 1033.1-2008; GB/T 9647-2015; GB/T 8804.3-2003; GB/T 14152-2001; YD/T 841.1-2016; GB/T 1633-2000; GB/T 6671-2001; DL/T 802.1-2023,"依据GB/T 8806-2008、QB/T 2803-2006等标准检验,所检项目符合DL/T 802.7-2023标准要求,该样品合格。(检验检测专用章)",2,4,4,9,,落锤冲击,****,"落锤质量15.0kg,冲击高度1200mm,取10个试样,每个试样冲击一次,冲击后10个试样中至少有9个不破裂。",10个试样均未破裂,合格,inspection_report_measured_value,liaoning_tender_parameters_for_extraction_qa_only,"{""expanded_row"": [""9"", ""落锤冲击"", ""****"", ""落锤质量15.0kg,冲击高度1200mm,取10个试样,每个试样冲击一次,冲击后10个试样中至少有9个不破裂。"", ""10个试样均未破裂"", ""合格""]}"
customer_liaoning_taichang_20260606_p0,泰昌,河北泰昌电力器材科技有限公司,enterprise_fact,inspection_report,product_library,rag_seed/power_grid_resources/05_enterprise_documents/01_泰昌MVP试点企业资料/extracted/泰昌资料/3检验报告/MPP电缆保护管检验报告内径250.pdf,parsed_outputs/power_grid_customer_corpus/customer_liaoning_taichang_20260606_p0/mineru_batch_04/MPP电缆保护管检验报告内径250_676152/extract/full.md,2024100312005501712,MPP电缆保护管,MPP电缆保护管,DF 250×22×9000 SN40 MPP,250,GB/T 8806-2008; QB/T 2803-2006; GB/T 1033.1-2008; GB/T 9647-2015; GB/T 8804.3-2003; GB/T 14152-2001; YD/T 841.1-2016; GB/T 1633-2000; GB/T 6671-2001; DL/T 802.1-2023,"依据GB/T 8806-2008、QB/T 2803-2006等标准检验,所检项目符合DL/T 802.7-2023标准要求,该样品合格。(检验检测专用章)",2,4,5,10,,静摩擦系数,****,≤ 0.35,0.30,合格,inspection_report_measured_value,liaoning_tender_parameters_for_extraction_qa_only,"{""expanded_row"": [""10"", ""静摩擦系数"", ""****"", ""≤ 0.35"", ""0.30"", ""合格""]}"
customer_liaoning_taichang_20260606_p0,泰昌,河北泰昌电力器材科技有限公司,enterprise_fact,inspection_report,product_library,rag_seed/power_grid_resources/05_enterprise_documents/01_泰昌MVP试点企业资料/extracted/泰昌资料/3检验报告/MPP电缆保护管检验报告内径250.pdf,parsed_outputs/power_grid_customer_corpus/customer_liaoning_taichang_20260606_p0/mineru_batch_04/MPP电缆保护管检验报告内径250_676152/extract/full.md,2024100312005501712,MPP电缆保护管,MPP电缆保护管,DF 250×22×9000 SN40 MPP,250,GB/T 8806-2008; QB/T 2803-2006; GB/T 1033.1-2008; GB/T 9647-2015; GB/T 8804.3-2003; GB/T 14152-2001; YD/T 841.1-2016; GB/T 1633-2000; GB/T 6671-2001; DL/T 802.1-2023,"依据GB/T 8806-2008、QB/T 2803-2006等标准检验,所检项目符合DL/T 802.7-2023标准要求,该样品合格。(检验检测专用章)",2,4,6,11,,维卡软化温度,°C,≥ 150,152,合格,inspection_report_measured_value,liaoning_tender_parameters_for_extraction_qa_only,"{""expanded_row"": [""11"", ""维卡软化温度"", ""°C"", ""≥ 150"", ""152"", ""合格""]}"
customer_liaoning_taichang_20260606_p0,泰昌,河北泰昌电力器材科技有限公司,enterprise_fact,inspection_report,product_library,rag_seed/power_grid_resources/05_enterprise_documents/01_泰昌MVP试点企业资料/extracted/泰昌资料/3检验报告/MPP电缆保护管检验报告内径250.pdf,parsed_outputs/power_grid_customer_corpus/customer_liaoning_taichang_20260606_p0/mineru_batch_04/MPP电缆保护管检验报告内径250_676152/extract/full.md,2024100312005501712,MPP电缆保护管,MPP电缆保护管,DF 250×22×9000 SN40 MPP,250,GB/T 8806-2008; QB/T 2803-2006; GB/T 1033.1-2008; GB/T 9647-2015; GB/T 8804.3-2003; GB/T 14152-2001; YD/T 841.1-2016; GB/T 1633-2000; GB/T 6671-2001; DL/T 802.1-2023,"依据GB/T 8806-2008、QB/T 2803-2006等标准检验,所检项目符合DL/T 802.7-2023标准要求,该样品合格。(检验检测专用章)",2,4,7,12,,纵向回缩率,%,≤ 3,1.4,合格,inspection_report_measured_value,liaoning_tender_parameters_for_extraction_qa_only,"{""expanded_row"": [""12"", ""纵向回缩率"", ""%"", ""≤ 3"", ""1.4"", ""合格""]}"
customer_liaoning_taichang_20260606_p0,泰昌,河北泰昌电力器材科技有限公司,enterprise_fact,inspection_report,product_library,rag_seed/power_grid_resources/05_enterprise_documents/01_泰昌MVP试点企业资料/extracted/泰昌资料/3检验报告/MPP电缆保护管检验报告内径250.pdf,parsed_outputs/power_grid_customer_corpus/customer_liaoning_taichang_20260606_p0/mineru_batch_04/MPP电缆保护管检验报告内径250_676152/extract/full.md,2024100312005501712,MPP电缆保护管,MPP电缆保护管,DF 250×22×9000 SN40 MPP,250,GB/T 8806-2008; QB/T 2803-2006; GB/T 1033.1-2008; GB/T 9647-2015; GB/T 8804.3-2003; GB/T 14152-2001; YD/T 841.1-2016; GB/T 1633-2000; GB/T 6671-2001; DL/T 802.1-2023,"依据GB/T 8806-2008、QB/T 2803-2006等标准检验,所检项目符合DL/T 802.7-2023标准要求,该样品合格。(检验检测专用章)",2,4,8,13,,散热性能,°C,"常温下放置规定的时间,导管内、外壁温度均 ≤ 30^°C 。",内壁:26.2;26.2;25.9内壁平均:26.1外壁:25.3;25.5;25.3外壁平均:25.4,合格,inspection_report_measured_value,liaoning_tender_parameters_for_extraction_qa_only,"{""expanded_row"": [""13"", ""散热性能"", ""°C"", ""常温下放置规定的时间,导管内、外壁温度均 ≤ 30^°C 。"", ""内壁:26.2;26.2;25.9内壁平均:26.1外壁:25.3;25.5;25.3外壁平均:25.4"", ""合格""]}"
