evidence_bundle_id,bundle_title,component,global_order,page_no,asset_id,source_file,page_available
taichang-evidence-8c0003b8a585e22b7525,泰昌2023年审计报告,2023,1,1,ff3447bd-bede-493d-bb51-d7eb4d1b3acb,rag_seed/power_grid_resources/05_enterprise_documents/01_泰昌MVP试点企业资料/extracted/泰昌资料/1财务状况/2023年审计报告.pdf,True
taichang-evidence-8c0003b8a585e22b7525,泰昌2023年审计报告,2023,2,2,5f0829f5-c64a-4b3b-b125-50a4ac46689a,rag_seed/power_grid_resources/05_enterprise_documents/01_泰昌MVP试点企业资料/extracted/泰昌资料/1财务状况/2023年审计报告.pdf,True
taichang-evidence-8c0003b8a585e22b7525,泰昌2023年审计报告,2023,3,3,c08a6a60-9a9f-48c3-9b01-ca38bcc6661e,rag_seed/power_grid_resources/05_enterprise_documents/01_泰昌MVP试点企业资料/extracted/泰昌资料/1财务状况/2023年审计报告.pdf,True
taichang-evidence-8c0003b8a585e22b7525,泰昌2023年审计报告,2023,4,4,39e276cc-5e58-463c-bf8e-a3f211c3b5ac,rag_seed/power_grid_resources/05_enterprise_documents/01_泰昌MVP试点企业资料/extracted/泰昌资料/1财务状况/2023年审计报告.pdf,True
taichang-evidence-8c0003b8a585e22b7525,泰昌2023年审计报告,2023,5,5,495b6f71-53e1-4624-9f10-29d7590b93c4,rag_seed/power_grid_resources/05_enterprise_documents/01_泰昌MVP试点企业资料/extracted/泰昌资料/1财务状况/2023年审计报告.pdf,True
taichang-evidence-8c0003b8a585e22b7525,泰昌2023年审计报告,2023,6,6,753cc122-2431-428c-a41f-8777d1344f7a,rag_seed/power_grid_resources/05_enterprise_documents/01_泰昌MVP试点企业资料/extracted/泰昌资料/1财务状况/2023年审计报告.pdf,True
taichang-evidence-8c0003b8a585e22b7525,泰昌2023年审计报告,2023,7,7,a3c9cfb2-cd3b-4dd4-8cbb-c87d6f872759,rag_seed/power_grid_resources/05_enterprise_documents/01_泰昌MVP试点企业资料/extracted/泰昌资料/1财务状况/2023年审计报告.pdf,True
taichang-evidence-8c0003b8a585e22b7525,泰昌2023年审计报告,2023,8,8,f5c8f472-83a9-4a29-8ee5-f91fc0120b74,rag_seed/power_grid_resources/05_enterprise_documents/01_泰昌MVP试点企业资料/extracted/泰昌资料/1财务状况/2023年审计报告.pdf,True
taichang-evidence-8c0003b8a585e22b7525,泰昌2023年审计报告,2023,9,9,956112bc-65c3-441b-8d70-ac4d65d3b24f,rag_seed/power_grid_resources/05_enterprise_documents/01_泰昌MVP试点企业资料/extracted/泰昌资料/1财务状况/2023年审计报告.pdf,True
taichang-evidence-8c0003b8a585e22b7525,泰昌2023年审计报告,2023,10,10,1f17aa09-4e6f-4b86-a6cd-2e98c55994fe,rag_seed/power_grid_resources/05_enterprise_documents/01_泰昌MVP试点企业资料/extracted/泰昌资料/1财务状况/2023年审计报告.pdf,True
taichang-evidence-8c0003b8a585e22b7525,泰昌2023年审计报告,2023,11,11,f52d4793-a7db-4c48-ac97-0a40afc1205f,rag_seed/power_grid_resources/05_enterprise_documents/01_泰昌MVP试点企业资料/extracted/泰昌资料/1财务状况/2023年审计报告.pdf,True
taichang-evidence-8c0003b8a585e22b7525,泰昌2023年审计报告,2023,12,12,1b93e8ce-5e09-4bf2-8ffe-5fece4049542,rag_seed/power_grid_resources/05_enterprise_documents/01_泰昌MVP试点企业资料/extracted/泰昌资料/1财务状况/2023年审计报告.pdf,True
taichang-evidence-8c0003b8a585e22b7525,泰昌2023年审计报告,2023,13,13,c5d8c48a-290d-493a-a8a3-fc4832d4cf4f,rag_seed/power_grid_resources/05_enterprise_documents/01_泰昌MVP试点企业资料/extracted/泰昌资料/1财务状况/2023年审计报告.pdf,True
taichang-evidence-8c0003b8a585e22b7525,泰昌2023年审计报告,2023,14,14,4db3fb31-0ae6-4c91-b241-999bd3342b05,rag_seed/power_grid_resources/05_enterprise_documents/01_泰昌MVP试点企业资料/extracted/泰昌资料/1财务状况/2023年审计报告.pdf,True
taichang-evidence-8c0003b8a585e22b7525,泰昌2023年审计报告,2023,15,15,c6407b66-aa5f-4157-ab06-cb35732cc14a,rag_seed/power_grid_resources/05_enterprise_documents/01_泰昌MVP试点企业资料/extracted/泰昌资料/1财务状况/2023年审计报告.pdf,True
taichang-evidence-8c0003b8a585e22b7525,泰昌2023年审计报告,2023,16,16,65c343a9-4e74-4ca9-af26-a2d4fab5e92a,rag_seed/power_grid_resources/05_enterprise_documents/01_泰昌MVP试点企业资料/extracted/泰昌资料/1财务状况/2023年审计报告.pdf,True
taichang-evidence-8c0003b8a585e22b7525,泰昌2023年审计报告,2023,17,17,55e8a849-d27b-46fa-a169-40d626f8522c,rag_seed/power_grid_resources/05_enterprise_documents/01_泰昌MVP试点企业资料/extracted/泰昌资料/1财务状况/2023年审计报告.pdf,True
taichang-evidence-8c0003b8a585e22b7525,泰昌2023年审计报告,2023,18,18,e8d4c3fd-b0ab-4b8a-8ad3-e6f443e9dcb0,rag_seed/power_grid_resources/05_enterprise_documents/01_泰昌MVP试点企业资料/extracted/泰昌资料/1财务状况/2023年审计报告.pdf,True
taichang-evidence-8c0003b8a585e22b7525,泰昌2023年审计报告,2023,19,19,32c9bd0e-2f68-4a6d-aaff-4e6f864d0ddc,rag_seed/power_grid_resources/05_enterprise_documents/01_泰昌MVP试点企业资料/extracted/泰昌资料/1财务状况/2023年审计报告.pdf,True
taichang-evidence-355a5e62909cf7b6be51,泰昌2024年审计报告,2024,1,1,fb1840f1-7b52-42c6-97ae-09cd8f2bed4b,rag_seed/power_grid_resources/05_enterprise_documents/01_泰昌MVP试点企业资料/extracted/泰昌资料/1财务状况/2024年审计报告.pdf,True
taichang-evidence-355a5e62909cf7b6be51,泰昌2024年审计报告,2024,2,2,79a5a9af-4191-4a93-8fdb-7afdb066024e,rag_seed/power_grid_resources/05_enterprise_documents/01_泰昌MVP试点企业资料/extracted/泰昌资料/1财务状况/2024年审计报告.pdf,True
taichang-evidence-355a5e62909cf7b6be51,泰昌2024年审计报告,2024,3,3,eaaabad3-f539-4323-b900-55a6e93d6e16,rag_seed/power_grid_resources/05_enterprise_documents/01_泰昌MVP试点企业资料/extracted/泰昌资料/1财务状况/2024年审计报告.pdf,True
taichang-evidence-355a5e62909cf7b6be51,泰昌2024年审计报告,2024,4,4,e761588e-d6bf-4327-a964-84cb3fcb6a13,rag_seed/power_grid_resources/05_enterprise_documents/01_泰昌MVP试点企业资料/extracted/泰昌资料/1财务状况/2024年审计报告.pdf,True
taichang-evidence-355a5e62909cf7b6be51,泰昌2024年审计报告,2024,5,5,6b1d3d4d-2e64-4110-9384-06d8b6ebab13,rag_seed/power_grid_resources/05_enterprise_documents/01_泰昌MVP试点企业资料/extracted/泰昌资料/1财务状况/2024年审计报告.pdf,True
taichang-evidence-355a5e62909cf7b6be51,泰昌2024年审计报告,2024,6,6,b038dfaf-b671-42d3-a396-31be98554fbc,rag_seed/power_grid_resources/05_enterprise_documents/01_泰昌MVP试点企业资料/extracted/泰昌资料/1财务状况/2024年审计报告.pdf,True
taichang-evidence-355a5e62909cf7b6be51,泰昌2024年审计报告,2024,7,7,5ab77fae-3472-47bf-97d1-9f1ed8959ec1,rag_seed/power_grid_resources/05_enterprise_documents/01_泰昌MVP试点企业资料/extracted/泰昌资料/1财务状况/2024年审计报告.pdf,True
taichang-evidence-355a5e62909cf7b6be51,泰昌2024年审计报告,2024,8,8,5cf50668-34a1-41e6-ba15-58232c55bf5d,rag_seed/power_grid_resources/05_enterprise_documents/01_泰昌MVP试点企业资料/extracted/泰昌资料/1财务状况/2024年审计报告.pdf,True
taichang-evidence-355a5e62909cf7b6be51,泰昌2024年审计报告,2024,9,9,0b013587-6efe-4150-ba5c-037263fca5d0,rag_seed/power_grid_resources/05_enterprise_documents/01_泰昌MVP试点企业资料/extracted/泰昌资料/1财务状况/2024年审计报告.pdf,True
taichang-evidence-355a5e62909cf7b6be51,泰昌2024年审计报告,2024,10,10,b6cdd3e4-f47e-4a50-8be5-574c74b88813,rag_seed/power_grid_resources/05_enterprise_documents/01_泰昌MVP试点企业资料/extracted/泰昌资料/1财务状况/2024年审计报告.pdf,True
taichang-evidence-355a5e62909cf7b6be51,泰昌2024年审计报告,2024,11,11,839df7ac-6e93-4a3b-b588-053db9cf148e,rag_seed/power_grid_resources/05_enterprise_documents/01_泰昌MVP试点企业资料/extracted/泰昌资料/1财务状况/2024年审计报告.pdf,True
taichang-evidence-355a5e62909cf7b6be51,泰昌2024年审计报告,2024,12,12,ad16fdce-0a3a-473d-938c-92160988379f,rag_seed/power_grid_resources/05_enterprise_documents/01_泰昌MVP试点企业资料/extracted/泰昌资料/1财务状况/2024年审计报告.pdf,True
taichang-evidence-355a5e62909cf7b6be51,泰昌2024年审计报告,2024,13,13,12fbfbb4-af92-4f76-b0d2-b275d303cc39,rag_seed/power_grid_resources/05_enterprise_documents/01_泰昌MVP试点企业资料/extracted/泰昌资料/1财务状况/2024年审计报告.pdf,True
taichang-evidence-355a5e62909cf7b6be51,泰昌2024年审计报告,2024,14,14,e341c506-c8f9-4b96-a83a-b29191c506e5,rag_seed/power_grid_resources/05_enterprise_documents/01_泰昌MVP试点企业资料/extracted/泰昌资料/1财务状况/2024年审计报告.pdf,True
taichang-evidence-355a5e62909cf7b6be51,泰昌2024年审计报告,2024,15,15,1d58778e-3a76-490c-a9ad-b7de35884b17,rag_seed/power_grid_resources/05_enterprise_documents/01_泰昌MVP试点企业资料/extracted/泰昌资料/1财务状况/2024年审计报告.pdf,True
taichang-evidence-355a5e62909cf7b6be51,泰昌2024年审计报告,2024,16,16,96e5a57e-c6d3-4df9-8cfb-11589f058bc8,rag_seed/power_grid_resources/05_enterprise_documents/01_泰昌MVP试点企业资料/extracted/泰昌资料/1财务状况/2024年审计报告.pdf,True
taichang-evidence-355a5e62909cf7b6be51,泰昌2024年审计报告,2024,17,17,74a8aa0b-9a62-4da1-8ab3-7b676154cab8,rag_seed/power_grid_resources/05_enterprise_documents/01_泰昌MVP试点企业资料/extracted/泰昌资料/1财务状况/2024年审计报告.pdf,True
taichang-evidence-355a5e62909cf7b6be51,泰昌2024年审计报告,2024,18,18,5244a1e5-7329-4a6d-be75-6e047c30ca77,rag_seed/power_grid_resources/05_enterprise_documents/01_泰昌MVP试点企业资料/extracted/泰昌资料/1财务状况/2024年审计报告.pdf,True
taichang-evidence-355a5e62909cf7b6be51,泰昌2024年审计报告,2024,19,19,3c00e918-3c06-4b43-9ab4-b5a844a4b817,rag_seed/power_grid_resources/05_enterprise_documents/01_泰昌MVP试点企业资料/extracted/泰昌资料/1财务状况/2024年审计报告.pdf,True
taichang-evidence-355a5e62909cf7b6be51,泰昌2024年审计报告,2024,20,20,859a973a-baee-4907-b0cd-4bf0d6c7628e,rag_seed/power_grid_resources/05_enterprise_documents/01_泰昌MVP试点企业资料/extracted/泰昌资料/1财务状况/2024年审计报告.pdf,True
taichang-evidence-355a5e62909cf7b6be51,泰昌2024年审计报告,2024,21,21,617f48b2-d4d2-48a5-9c4f-e1c849e37b7f,rag_seed/power_grid_resources/05_enterprise_documents/01_泰昌MVP试点企业资料/extracted/泰昌资料/1财务状况/2024年审计报告.pdf,True
taichang-evidence-355a5e62909cf7b6be51,泰昌2024年审计报告,2024,22,22,35d7e546-64cf-4104-848f-2f6bac871a6d,rag_seed/power_grid_resources/05_enterprise_documents/01_泰昌MVP试点企业资料/extracted/泰昌资料/1财务状况/2024年审计报告.pdf,True
taichang-evidence-355a5e62909cf7b6be51,泰昌2024年审计报告,2024,23,23,c1e7063b-209e-445c-8c5c-a4b7ffecaade,rag_seed/power_grid_resources/05_enterprise_documents/01_泰昌MVP试点企业资料/extracted/泰昌资料/1财务状况/2024年审计报告.pdf,True
taichang-evidence-355a5e62909cf7b6be51,泰昌2024年审计报告,2024,24,24,d94714a1-b03e-4d7a-b6d4-6837bdfbcc1b,rag_seed/power_grid_resources/05_enterprise_documents/01_泰昌MVP试点企业资料/extracted/泰昌资料/1财务状况/2024年审计报告.pdf,True
taichang-evidence-355a5e62909cf7b6be51,泰昌2024年审计报告,2024,25,25,eb61130c-0045-4c22-b62e-da0002773a66,rag_seed/power_grid_resources/05_enterprise_documents/01_泰昌MVP试点企业资料/extracted/泰昌资料/1财务状况/2024年审计报告.pdf,True
taichang-evidence-355a5e62909cf7b6be51,泰昌2024年审计报告,2024,26,26,287d4b3d-3ab2-465b-9ad5-44bcc6c9eb81,rag_seed/power_grid_resources/05_enterprise_documents/01_泰昌MVP试点企业资料/extracted/泰昌资料/1财务状况/2024年审计报告.pdf,True
taichang-evidence-355a5e62909cf7b6be51,泰昌2024年审计报告,2024,27,27,ac1c0417-7090-4bd1-9e10-85a785b25dfc,rag_seed/power_grid_resources/05_enterprise_documents/01_泰昌MVP试点企业资料/extracted/泰昌资料/1财务状况/2024年审计报告.pdf,True
taichang-evidence-355a5e62909cf7b6be51,泰昌2024年审计报告,2024,28,28,56178d71-cd10-4c09-9e29-ad8e6a7642b7,rag_seed/power_grid_resources/05_enterprise_documents/01_泰昌MVP试点企业资料/extracted/泰昌资料/1财务状况/2024年审计报告.pdf,True
taichang-evidence-355a5e62909cf7b6be51,泰昌2024年审计报告,2024,29,29,0d8d7708-13b9-4f00-af4f-bcea9500974c,rag_seed/power_grid_resources/05_enterprise_documents/01_泰昌MVP试点企业资料/extracted/泰昌资料/1财务状况/2024年审计报告.pdf,True
taichang-evidence-5238d1459fcfe2a13ced,泰昌2025年审计报告,2025,1,1,ba758f69-9be6-4714-87c6-7d06a3d536db,rag_seed/power_grid_resources/05_enterprise_documents/01_泰昌MVP试点企业资料/extracted/泰昌资料/1财务状况/2025年审计报告.pdf,True
taichang-evidence-5238d1459fcfe2a13ced,泰昌2025年审计报告,2025,2,2,15bdc6cb-60b2-4989-8dce-4a9a61846d13,rag_seed/power_grid_resources/05_enterprise_documents/01_泰昌MVP试点企业资料/extracted/泰昌资料/1财务状况/2025年审计报告.pdf,True
taichang-evidence-5238d1459fcfe2a13ced,泰昌2025年审计报告,2025,3,3,7be06f33-9d92-4580-af34-b67e58cb2e32,rag_seed/power_grid_resources/05_enterprise_documents/01_泰昌MVP试点企业资料/extracted/泰昌资料/1财务状况/2025年审计报告.pdf,True
taichang-evidence-5238d1459fcfe2a13ced,泰昌2025年审计报告,2025,4,4,48619de5-3cbb-460d-a409-aa70ad622cdd,rag_seed/power_grid_resources/05_enterprise_documents/01_泰昌MVP试点企业资料/extracted/泰昌资料/1财务状况/2025年审计报告.pdf,True
taichang-evidence-5238d1459fcfe2a13ced,泰昌2025年审计报告,2025,5,5,03cb8100-1fe9-4d6b-9c37-0eeac8655356,rag_seed/power_grid_resources/05_enterprise_documents/01_泰昌MVP试点企业资料/extracted/泰昌资料/1财务状况/2025年审计报告.pdf,True
taichang-evidence-5238d1459fcfe2a13ced,泰昌2025年审计报告,2025,6,6,18e0361b-190e-4615-b686-299d0180ba71,rag_seed/power_grid_resources/05_enterprise_documents/01_泰昌MVP试点企业资料/extracted/泰昌资料/1财务状况/2025年审计报告.pdf,True
taichang-evidence-5238d1459fcfe2a13ced,泰昌2025年审计报告,2025,7,7,56c05670-544b-4e02-9bdb-d2da7b6ef08c,rag_seed/power_grid_resources/05_enterprise_documents/01_泰昌MVP试点企业资料/extracted/泰昌资料/1财务状况/2025年审计报告.pdf,True
taichang-evidence-5238d1459fcfe2a13ced,泰昌2025年审计报告,2025,8,8,042cd8c0-9f97-46e8-944a-e0908969358c,rag_seed/power_grid_resources/05_enterprise_documents/01_泰昌MVP试点企业资料/extracted/泰昌资料/1财务状况/2025年审计报告.pdf,True
taichang-evidence-5238d1459fcfe2a13ced,泰昌2025年审计报告,2025,9,9,d425cdb3-45e6-47e9-bd12-d0ec0da0ce1e,rag_seed/power_grid_resources/05_enterprise_documents/01_泰昌MVP试点企业资料/extracted/泰昌资料/1财务状况/2025年审计报告.pdf,True
taichang-evidence-5238d1459fcfe2a13ced,泰昌2025年审计报告,2025,10,10,b939af2a-ddd2-4b9b-8b61-bb36e450c057,rag_seed/power_grid_resources/05_enterprise_documents/01_泰昌MVP试点企业资料/extracted/泰昌资料/1财务状况/2025年审计报告.pdf,True
taichang-evidence-5238d1459fcfe2a13ced,泰昌2025年审计报告,2025,11,11,0325036d-f3af-4875-8389-e2200383b554,rag_seed/power_grid_resources/05_enterprise_documents/01_泰昌MVP试点企业资料/extracted/泰昌资料/1财务状况/2025年审计报告.pdf,True
taichang-evidence-5238d1459fcfe2a13ced,泰昌2025年审计报告,2025,12,12,7dbc82c7-26bb-4265-952c-87a21cdf9847,rag_seed/power_grid_resources/05_enterprise_documents/01_泰昌MVP试点企业资料/extracted/泰昌资料/1财务状况/2025年审计报告.pdf,True
taichang-evidence-5238d1459fcfe2a13ced,泰昌2025年审计报告,2025,13,13,4deeff14-1667-4304-baf2-f27876ff25c7,rag_seed/power_grid_resources/05_enterprise_documents/01_泰昌MVP试点企业资料/extracted/泰昌资料/1财务状况/2025年审计报告.pdf,True
taichang-evidence-5238d1459fcfe2a13ced,泰昌2025年审计报告,2025,14,14,0dd74940-cb4a-41bb-8635-197ab9a710e3,rag_seed/power_grid_resources/05_enterprise_documents/01_泰昌MVP试点企业资料/extracted/泰昌资料/1财务状况/2025年审计报告.pdf,True
taichang-evidence-5238d1459fcfe2a13ced,泰昌2025年审计报告,2025,15,15,f368e0b0-2ffd-472d-a791-84df59ca3b8f,rag_seed/power_grid_resources/05_enterprise_documents/01_泰昌MVP试点企业资料/extracted/泰昌资料/1财务状况/2025年审计报告.pdf,True
taichang-evidence-5238d1459fcfe2a13ced,泰昌2025年审计报告,2025,16,16,6e5c4dcf-1beb-4a47-a2bd-9c81a9dadeb9,rag_seed/power_grid_resources/05_enterprise_documents/01_泰昌MVP试点企业资料/extracted/泰昌资料/1财务状况/2025年审计报告.pdf,True
taichang-evidence-5238d1459fcfe2a13ced,泰昌2025年审计报告,2025,17,17,4712d48b-ec93-4181-8542-d3b703f16823,rag_seed/power_grid_resources/05_enterprise_documents/01_泰昌MVP试点企业资料/extracted/泰昌资料/1财务状况/2025年审计报告.pdf,True
taichang-evidence-5238d1459fcfe2a13ced,泰昌2025年审计报告,2025,18,18,4ee9d634-afec-4517-b867-9c3a8ffb9cbd,rag_seed/power_grid_resources/05_enterprise_documents/01_泰昌MVP试点企业资料/extracted/泰昌资料/1财务状况/2025年审计报告.pdf,True
taichang-evidence-5238d1459fcfe2a13ced,泰昌2025年审计报告,2025,19,19,5a7f8dbd-40c0-430e-8a10-44bd5bda8ed5,rag_seed/power_grid_resources/05_enterprise_documents/01_泰昌MVP试点企业资料/extracted/泰昌资料/1财务状况/2025年审计报告.pdf,True
taichang-evidence-76ac5c6984a28811742d,泰昌营业执照,primary,1,1,12bcb4c3-2dd9-45e7-abb3-5a6be1bf6f3d,rag_seed/power_grid_resources/05_enterprise_documents/01_泰昌MVP试点企业资料/extracted/泰昌资料/营业执照副本.pdf,True
taichang-evidence-9fdd36654ca483e6a069,泰昌微机控制电子万能试验机试验设备及校准资料,微机控制电子万能试验机,1,1,13d070a7-663a-40d8-b716-38aaf517906d,rag_seed/power_grid_resources/05_enterprise_documents/01_泰昌MVP试点企业资料/extracted/泰昌资料/5试验检测/1.试验检测设备一览表/1.微机控制电子万能试验机/微机控制电子万能试验机.pdf,True
taichang-evidence-9fdd36654ca483e6a069,泰昌微机控制电子万能试验机试验设备及校准资料,微机控制电子万能试验机,2,2,77b1007a-1106-4b84-b5a7-563c0d78e8dc,rag_seed/power_grid_resources/05_enterprise_documents/01_泰昌MVP试点企业资料/extracted/泰昌资料/5试验检测/1.试验检测设备一览表/1.微机控制电子万能试验机/微机控制电子万能试验机.pdf,True
taichang-evidence-9fdd36654ca483e6a069,泰昌微机控制电子万能试验机试验设备及校准资料,微机控制电子万能试验机,3,3,6ebd3ffc-3f9c-42cf-a377-d53ecb00a574,rag_seed/power_grid_resources/05_enterprise_documents/01_泰昌MVP试点企业资料/extracted/泰昌资料/5试验检测/1.试验检测设备一览表/1.微机控制电子万能试验机/微机控制电子万能试验机.pdf,True
taichang-evidence-9fdd36654ca483e6a069,泰昌微机控制电子万能试验机试验设备及校准资料,微机控制电子万能试验机,4,4,4454c4ec-3976-473a-81f2-4cec2bd66f04,rag_seed/power_grid_resources/05_enterprise_documents/01_泰昌MVP试点企业资料/extracted/泰昌资料/5试验检测/1.试验检测设备一览表/1.微机控制电子万能试验机/微机控制电子万能试验机.pdf,True
taichang-evidence-9fdd36654ca483e6a069,泰昌微机控制电子万能试验机试验设备及校准资料,微机控制电子万能试验机,5,5,aefb3637-7dea-4544-90a4-c0079b41167d,rag_seed/power_grid_resources/05_enterprise_documents/01_泰昌MVP试点企业资料/extracted/泰昌资料/5试验检测/1.试验检测设备一览表/1.微机控制电子万能试验机/微机控制电子万能试验机.pdf,True
taichang-evidence-9fdd36654ca483e6a069,泰昌微机控制电子万能试验机试验设备及校准资料,微机控制电子万能试验机,6,6,1cfd8a3f-b402-4a84-8f4b-e9bf2294f35b,rag_seed/power_grid_resources/05_enterprise_documents/01_泰昌MVP试点企业资料/extracted/泰昌资料/5试验检测/1.试验检测设备一览表/1.微机控制电子万能试验机/微机控制电子万能试验机.pdf,True
taichang-evidence-9fdd36654ca483e6a069,泰昌微机控制电子万能试验机试验设备及校准资料,微机控制电子万能试验机,7,7,4b288070-f008-48ef-b987-5c75c456e3cb,rag_seed/power_grid_resources/05_enterprise_documents/01_泰昌MVP试点企业资料/extracted/泰昌资料/5试验检测/1.试验检测设备一览表/1.微机控制电子万能试验机/微机控制电子万能试验机.pdf,True
taichang-evidence-9fdd36654ca483e6a069,泰昌微机控制电子万能试验机试验设备及校准资料,微机控制电子万能试验机,8,8,7ff51ff0-8ce0-46c2-91dd-f25d2c36aeb1,rag_seed/power_grid_resources/05_enterprise_documents/01_泰昌MVP试点企业资料/extracted/泰昌资料/5试验检测/1.试验检测设备一览表/1.微机控制电子万能试验机/微机控制电子万能试验机.pdf,True
taichang-evidence-508e8e613ca60ada061b,泰昌热变形、维卡软化点温度测定仪试验设备及校准资料,热变形、维卡软化点温度测定仪,1,1,055f3321-bd76-43af-b550-ff59d616f73e,rag_seed/power_grid_resources/05_enterprise_documents/01_泰昌MVP试点企业资料/extracted/泰昌资料/5试验检测/1.试验检测设备一览表/2.热变型、维卡软化点温度测定仪/热变型、维卡软化点温度测定仪.pdf,True
taichang-evidence-508e8e613ca60ada061b,泰昌热变形、维卡软化点温度测定仪试验设备及校准资料,热变形、维卡软化点温度测定仪,2,2,1ca820ce-dfa1-4c4d-ad0c-c85f3ca11c98,rag_seed/power_grid_resources/05_enterprise_documents/01_泰昌MVP试点企业资料/extracted/泰昌资料/5试验检测/1.试验检测设备一览表/2.热变型、维卡软化点温度测定仪/热变型、维卡软化点温度测定仪.pdf,True
taichang-evidence-508e8e613ca60ada061b,泰昌热变形、维卡软化点温度测定仪试验设备及校准资料,热变形、维卡软化点温度测定仪,3,3,6a25db9a-3771-4d30-a6b2-89ccd225fdae,rag_seed/power_grid_resources/05_enterprise_documents/01_泰昌MVP试点企业资料/extracted/泰昌资料/5试验检测/1.试验检测设备一览表/2.热变型、维卡软化点温度测定仪/热变型、维卡软化点温度测定仪.pdf,True
taichang-evidence-508e8e613ca60ada061b,泰昌热变形、维卡软化点温度测定仪试验设备及校准资料,热变形、维卡软化点温度测定仪,4,4,63079c8a-f15d-4425-9b4f-8832485e6279,rag_seed/power_grid_resources/05_enterprise_documents/01_泰昌MVP试点企业资料/extracted/泰昌资料/5试验检测/1.试验检测设备一览表/2.热变型、维卡软化点温度测定仪/热变型、维卡软化点温度测定仪.pdf,True
taichang-evidence-508e8e613ca60ada061b,泰昌热变形、维卡软化点温度测定仪试验设备及校准资料,热变形、维卡软化点温度测定仪,5,5,163d49f1-3db7-4c0b-8f6a-a9265b2ba5a9,rag_seed/power_grid_resources/05_enterprise_documents/01_泰昌MVP试点企业资料/extracted/泰昌资料/5试验检测/1.试验检测设备一览表/2.热变型、维卡软化点温度测定仪/热变型、维卡软化点温度测定仪.pdf,True
taichang-evidence-508e8e613ca60ada061b,泰昌热变形、维卡软化点温度测定仪试验设备及校准资料,热变形、维卡软化点温度测定仪,6,6,579dd315-9a7a-4f95-a3c8-1a2a5ac9c217,rag_seed/power_grid_resources/05_enterprise_documents/01_泰昌MVP试点企业资料/extracted/泰昌资料/5试验检测/1.试验检测设备一览表/2.热变型、维卡软化点温度测定仪/热变型、维卡软化点温度测定仪.pdf,True
taichang-evidence-508e8e613ca60ada061b,泰昌热变形、维卡软化点温度测定仪试验设备及校准资料,热变形、维卡软化点温度测定仪,7,7,7a34667d-0a39-417f-9bb6-2da1443b8260,rag_seed/power_grid_resources/05_enterprise_documents/01_泰昌MVP试点企业资料/extracted/泰昌资料/5试验检测/1.试验检测设备一览表/2.热变型、维卡软化点温度测定仪/热变型、维卡软化点温度测定仪.pdf,True
taichang-evidence-508e8e613ca60ada061b,泰昌热变形、维卡软化点温度测定仪试验设备及校准资料,热变形、维卡软化点温度测定仪,8,8,1373f162-cc94-497f-abba-b84a083e151c,rag_seed/power_grid_resources/05_enterprise_documents/01_泰昌MVP试点企业资料/extracted/泰昌资料/5试验检测/1.试验检测设备一览表/2.热变型、维卡软化点温度测定仪/热变型、维卡软化点温度测定仪.pdf,True
taichang-evidence-508e8e613ca60ada061b,泰昌热变形、维卡软化点温度测定仪试验设备及校准资料,热变形、维卡软化点温度测定仪,9,9,53814ca8-6e0d-4c5a-9e8c-b3c9c2d1e867,rag_seed/power_grid_resources/05_enterprise_documents/01_泰昌MVP试点企业资料/extracted/泰昌资料/5试验检测/1.试验检测设备一览表/2.热变型、维卡软化点温度测定仪/热变型、维卡软化点温度测定仪.pdf,True
taichang-evidence-8eabd69844ab6ab91f02,泰昌熔体流动速率仪试验设备及校准资料,熔体流动速率仪,1,1,9fd709b3-d342-4b73-951d-c7b46b254a8e,rag_seed/power_grid_resources/05_enterprise_documents/01_泰昌MVP试点企业资料/extracted/泰昌资料/5试验检测/1.试验检测设备一览表/5.溶体流动速率仪/溶体流动速率仪.pdf,True
taichang-evidence-8eabd69844ab6ab91f02,泰昌熔体流动速率仪试验设备及校准资料,熔体流动速率仪,2,2,d9968d14-5c9f-48ab-88ae-72683fb07705,rag_seed/power_grid_resources/05_enterprise_documents/01_泰昌MVP试点企业资料/extracted/泰昌资料/5试验检测/1.试验检测设备一览表/5.溶体流动速率仪/溶体流动速率仪.pdf,True
taichang-evidence-8eabd69844ab6ab91f02,泰昌熔体流动速率仪试验设备及校准资料,熔体流动速率仪,3,3,8c10929b-73dd-4eb6-978e-31a07295fdf7,rag_seed/power_grid_resources/05_enterprise_documents/01_泰昌MVP试点企业资料/extracted/泰昌资料/5试验检测/1.试验检测设备一览表/5.溶体流动速率仪/溶体流动速率仪.pdf,True
taichang-evidence-8eabd69844ab6ab91f02,泰昌熔体流动速率仪试验设备及校准资料,熔体流动速率仪,4,4,189ce7bf-6c9a-411c-a642-bea71cd29d51,rag_seed/power_grid_resources/05_enterprise_documents/01_泰昌MVP试点企业资料/extracted/泰昌资料/5试验检测/1.试验检测设备一览表/5.溶体流动速率仪/溶体流动速率仪.pdf,True
taichang-evidence-8eabd69844ab6ab91f02,泰昌熔体流动速率仪试验设备及校准资料,熔体流动速率仪,5,5,8f8d30d3-1dbf-43ef-9a1b-58f22d7ff501,rag_seed/power_grid_resources/05_enterprise_documents/01_泰昌MVP试点企业资料/extracted/泰昌资料/5试验检测/1.试验检测设备一览表/5.溶体流动速率仪/溶体流动速率仪.pdf,True
taichang-evidence-8eabd69844ab6ab91f02,泰昌熔体流动速率仪试验设备及校准资料,熔体流动速率仪,6,6,a8cff3b7-a98c-46a1-a3e6-670dfde66d4b,rag_seed/power_grid_resources/05_enterprise_documents/01_泰昌MVP试点企业资料/extracted/泰昌资料/5试验检测/1.试验检测设备一览表/5.溶体流动速率仪/溶体流动速率仪.pdf,True
taichang-evidence-8eabd69844ab6ab91f02,泰昌熔体流动速率仪试验设备及校准资料,熔体流动速率仪,7,7,0fc45d3e-bddf-47eb-8a6a-1124bf62169c,rag_seed/power_grid_resources/05_enterprise_documents/01_泰昌MVP试点企业资料/extracted/泰昌资料/5试验检测/1.试验检测设备一览表/5.溶体流动速率仪/溶体流动速率仪.pdf,True
taichang-evidence-f0f800fd3a615899dbfd,泰昌电子天平试验设备及校准资料,电子天平,1,1,29f3feff-babe-4a64-b20e-a93bdc6bd5fb,rag_seed/power_grid_resources/05_enterprise_documents/01_泰昌MVP试点企业资料/extracted/泰昌资料/5试验检测/1.试验检测设备一览表/3.电子天平/电子天平.pdf,True
taichang-evidence-f0f800fd3a615899dbfd,泰昌电子天平试验设备及校准资料,电子天平,2,2,59222ca7-8321-4a09-b955-c2f4af14d0af,rag_seed/power_grid_resources/05_enterprise_documents/01_泰昌MVP试点企业资料/extracted/泰昌资料/5试验检测/1.试验检测设备一览表/3.电子天平/电子天平.pdf,True
taichang-evidence-f0f800fd3a615899dbfd,泰昌电子天平试验设备及校准资料,电子天平,3,3,04e064b8-a41f-4f0d-a8a7-44c1ed545585,rag_seed/power_grid_resources/05_enterprise_documents/01_泰昌MVP试点企业资料/extracted/泰昌资料/5试验检测/1.试验检测设备一览表/3.电子天平/电子天平.pdf,True
taichang-evidence-f0f800fd3a615899dbfd,泰昌电子天平试验设备及校准资料,电子天平,4,4,4c8e0c13-0f46-49b0-aef3-6b3883bde22e,rag_seed/power_grid_resources/05_enterprise_documents/01_泰昌MVP试点企业资料/extracted/泰昌资料/5试验检测/1.试验检测设备一览表/3.电子天平/电子天平.pdf,True
taichang-evidence-f0f800fd3a615899dbfd,泰昌电子天平试验设备及校准资料,电子天平,5,5,5c875dcd-e440-41d1-b0c1-4f152b5ed345,rag_seed/power_grid_resources/05_enterprise_documents/01_泰昌MVP试点企业资料/extracted/泰昌资料/5试验检测/1.试验检测设备一览表/3.电子天平/电子天平.pdf,True
taichang-evidence-f0f800fd3a615899dbfd,泰昌电子天平试验设备及校准资料,电子天平,6,6,85b728df-d209-45b5-ad31-56b2eba17362,rag_seed/power_grid_resources/05_enterprise_documents/01_泰昌MVP试点企业资料/extracted/泰昌资料/5试验检测/1.试验检测设备一览表/3.电子天平/电子天平.pdf,True
taichang-evidence-96036c84ed4ce31e0ad4,泰昌电子拉力试验机试验设备及校准资料,电子拉力试验机,1,1,e9156fac-7431-4cab-b80d-4d9259234ccc,rag_seed/power_grid_resources/05_enterprise_documents/01_泰昌MVP试点企业资料/extracted/泰昌资料/5试验检测/1.试验检测设备一览表/6.电子拉力试验机/电子拉力试验机.pdf,True
taichang-evidence-96036c84ed4ce31e0ad4,泰昌电子拉力试验机试验设备及校准资料,电子拉力试验机,2,2,10c59a5f-d87f-4077-9776-70b45dede0ca,rag_seed/power_grid_resources/05_enterprise_documents/01_泰昌MVP试点企业资料/extracted/泰昌资料/5试验检测/1.试验检测设备一览表/6.电子拉力试验机/电子拉力试验机.pdf,True
taichang-evidence-96036c84ed4ce31e0ad4,泰昌电子拉力试验机试验设备及校准资料,电子拉力试验机,3,3,a9b16fff-190c-48f1-9148-b2f4131c1865,rag_seed/power_grid_resources/05_enterprise_documents/01_泰昌MVP试点企业资料/extracted/泰昌资料/5试验检测/1.试验检测设备一览表/6.电子拉力试验机/电子拉力试验机.pdf,True
taichang-evidence-96036c84ed4ce31e0ad4,泰昌电子拉力试验机试验设备及校准资料,电子拉力试验机,4,4,9552f744-1f6d-450f-8f6c-2c929f30cf10,rag_seed/power_grid_resources/05_enterprise_documents/01_泰昌MVP试点企业资料/extracted/泰昌资料/5试验检测/1.试验检测设备一览表/6.电子拉力试验机/电子拉力试验机.pdf,True
taichang-evidence-96036c84ed4ce31e0ad4,泰昌电子拉力试验机试验设备及校准资料,电子拉力试验机,5,5,bf144d68-8bae-417b-81d2-3b9593d6ae84,rag_seed/power_grid_resources/05_enterprise_documents/01_泰昌MVP试点企业资料/extracted/泰昌资料/5试验检测/1.试验检测设备一览表/6.电子拉力试验机/电子拉力试验机.pdf,True
taichang-evidence-96036c84ed4ce31e0ad4,泰昌电子拉力试验机试验设备及校准资料,电子拉力试验机,6,6,a2c9b254-8ef7-4b8b-a2ea-a11e0cea77f1,rag_seed/power_grid_resources/05_enterprise_documents/01_泰昌MVP试点企业资料/extracted/泰昌资料/5试验检测/1.试验检测设备一览表/6.电子拉力试验机/电子拉力试验机.pdf,True
taichang-evidence-96036c84ed4ce31e0ad4,泰昌电子拉力试验机试验设备及校准资料,电子拉力试验机,7,7,c739b596-0d4d-40db-accf-c92875bfa6e0,rag_seed/power_grid_resources/05_enterprise_documents/01_泰昌MVP试点企业资料/extracted/泰昌资料/5试验检测/1.试验检测设备一览表/6.电子拉力试验机/电子拉力试验机.pdf,True
taichang-evidence-96036c84ed4ce31e0ad4,泰昌电子拉力试验机试验设备及校准资料,电子拉力试验机,8,8,8dfb4f43-153b-4205-9583-4ca3770d83c7,rag_seed/power_grid_resources/05_enterprise_documents/01_泰昌MVP试点企业资料/extracted/泰昌资料/5试验检测/1.试验检测设备一览表/6.电子拉力试验机/电子拉力试验机.pdf,True
taichang-evidence-2bf8bf27b27d8ce407cc,泰昌锤击试验装置试验设备及校准资料,锤击试验装置,1,1,a137ead8-a37a-4421-bb69-32ee4a781d99,rag_seed/power_grid_resources/05_enterprise_documents/01_泰昌MVP试点企业资料/extracted/泰昌资料/5试验检测/1.试验检测设备一览表/4.锤击试验装置/锤击试验装置.pdf,True
taichang-evidence-2bf8bf27b27d8ce407cc,泰昌锤击试验装置试验设备及校准资料,锤击试验装置,2,2,bca54cc5-14af-477f-b88e-97832b51e615,rag_seed/power_grid_resources/05_enterprise_documents/01_泰昌MVP试点企业资料/extracted/泰昌资料/5试验检测/1.试验检测设备一览表/4.锤击试验装置/锤击试验装置.pdf,True
taichang-evidence-2bf8bf27b27d8ce407cc,泰昌锤击试验装置试验设备及校准资料,锤击试验装置,3,3,661c1e8b-7b37-4557-928e-86f92ddac57b,rag_seed/power_grid_resources/05_enterprise_documents/01_泰昌MVP试点企业资料/extracted/泰昌资料/5试验检测/1.试验检测设备一览表/4.锤击试验装置/锤击试验装置.pdf,True
taichang-evidence-2bf8bf27b27d8ce407cc,泰昌锤击试验装置试验设备及校准资料,锤击试验装置,4,4,f10b839b-85db-4f06-9b04-5c0b485fc4a8,rag_seed/power_grid_resources/05_enterprise_documents/01_泰昌MVP试点企业资料/extracted/泰昌资料/5试验检测/1.试验检测设备一览表/4.锤击试验装置/锤击试验装置.pdf,True
taichang-evidence-2bf8bf27b27d8ce407cc,泰昌锤击试验装置试验设备及校准资料,锤击试验装置,5,5,c6dd8d55-a7ea-478a-949b-78e041f44120,rag_seed/power_grid_resources/05_enterprise_documents/01_泰昌MVP试点企业资料/extracted/泰昌资料/5试验检测/1.试验检测设备一览表/4.锤击试验装置/锤击试验装置.pdf,True
taichang-evidence-2bf8bf27b27d8ce407cc,泰昌锤击试验装置试验设备及校准资料,锤击试验装置,6,6,e7eec5ff-6d29-4e8f-a35e-82bae35b29f9,rag_seed/power_grid_resources/05_enterprise_documents/01_泰昌MVP试点企业资料/extracted/泰昌资料/5试验检测/1.试验检测设备一览表/4.锤击试验装置/锤击试验装置.pdf,True
taichang-evidence-2bf8bf27b27d8ce407cc,泰昌锤击试验装置试验设备及校准资料,锤击试验装置,7,7,e58ae78c-e53a-411f-84a5-a29f0bc2dcc1,rag_seed/power_grid_resources/05_enterprise_documents/01_泰昌MVP试点企业资料/extracted/泰昌资料/5试验检测/1.试验检测设备一览表/4.锤击试验装置/锤击试验装置.pdf,True
taichang-evidence-2bf8bf27b27d8ce407cc,泰昌锤击试验装置试验设备及校准资料,锤击试验装置,8,8,aa621b14-530f-4120-b25e-683242588b41,rag_seed/power_grid_resources/05_enterprise_documents/01_泰昌MVP试点企业资料/extracted/泰昌资料/5试验检测/1.试验检测设备一览表/4.锤击试验装置/锤击试验装置.pdf,True
taichang-evidence-5233af6e2133a8e25641,泰昌MPP电缆保护管检验报告,primary,1,1,39eed227-992a-4e19-a09b-27bcb926e665,rag_seed/power_grid_resources/05_enterprise_documents/01_泰昌MVP试点企业资料/extracted/泰昌资料/3检验报告/MPP电缆保护管检验报告内径250.pdf,True
taichang-evidence-5233af6e2133a8e25641,泰昌MPP电缆保护管检验报告,primary,2,2,25dcd2c9-f919-4321-b71f-18a357e45c02,rag_seed/power_grid_resources/05_enterprise_documents/01_泰昌MVP试点企业资料/extracted/泰昌资料/3检验报告/MPP电缆保护管检验报告内径250.pdf,True
taichang-evidence-5233af6e2133a8e25641,泰昌MPP电缆保护管检验报告,primary,3,3,048b1963-fb91-49f4-99e0-ee282ca1eb7d,rag_seed/power_grid_resources/05_enterprise_documents/01_泰昌MVP试点企业资料/extracted/泰昌资料/3检验报告/MPP电缆保护管检验报告内径250.pdf,True
taichang-evidence-5233af6e2133a8e25641,泰昌MPP电缆保护管检验报告,primary,4,4,e78d53b1-d2f3-471f-90e9-b7bd9c11c128,rag_seed/power_grid_resources/05_enterprise_documents/01_泰昌MVP试点企业资料/extracted/泰昌资料/3检验报告/MPP电缆保护管检验报告内径250.pdf,True
taichang-evidence-5233af6e2133a8e25641,泰昌MPP电缆保护管检验报告,primary,5,5,25c462a6-1085-4f6d-8703-b39aa573575d,rag_seed/power_grid_resources/05_enterprise_documents/01_泰昌MVP试点企业资料/extracted/泰昌资料/3检验报告/MPP电缆保护管检验报告内径250.pdf,True
taichang-evidence-4c9d64c00d89cb7b78f2,泰昌CPVC电缆保护管检验报告,primary,1,1,9784a2d3-ad13-467e-acc8-c5848109a797,rag_seed/power_grid_resources/05_enterprise_documents/01_泰昌MVP试点企业资料/extracted/泰昌资料/3检验报告/CPVC电缆保护管检验报告内径250.pdf,True
taichang-evidence-4c9d64c00d89cb7b78f2,泰昌CPVC电缆保护管检验报告,primary,2,2,f0fd8c37-1d9c-49f7-86f4-78d24302b5a0,rag_seed/power_grid_resources/05_enterprise_documents/01_泰昌MVP试点企业资料/extracted/泰昌资料/3检验报告/CPVC电缆保护管检验报告内径250.pdf,True
taichang-evidence-4c9d64c00d89cb7b78f2,泰昌CPVC电缆保护管检验报告,primary,3,3,7dc74695-2594-4888-b845-af5bd3130ae6,rag_seed/power_grid_resources/05_enterprise_documents/01_泰昌MVP试点企业资料/extracted/泰昌资料/3检验报告/CPVC电缆保护管检验报告内径250.pdf,True
taichang-evidence-4c9d64c00d89cb7b78f2,泰昌CPVC电缆保护管检验报告,primary,4,4,f7a3c80a-1dbe-4227-a778-2f9c0d503c6e,rag_seed/power_grid_resources/05_enterprise_documents/01_泰昌MVP试点企业资料/extracted/泰昌资料/3检验报告/CPVC电缆保护管检验报告内径250.pdf,True
taichang-evidence-4c9d64c00d89cb7b78f2,泰昌CPVC电缆保护管检验报告,primary,5,5,53f279bf-a9e7-49ee-afbb-350185ecbf60,rag_seed/power_grid_resources/05_enterprise_documents/01_泰昌MVP试点企业资料/extracted/泰昌资料/3检验报告/CPVC电缆保护管检验报告内径250.pdf,True
taichang-evidence-792812eabf8d9567854f,泰昌环境管理体系认证证书,primary,1,1,643e1f3b-9280-4a78-bcc1-d74b8c0d6621,rag_seed/power_grid_resources/05_enterprise_documents/01_泰昌MVP试点企业资料/extracted/泰昌资料/2管理体系认证证书/2.环境管理体系认证证书.pdf,True
taichang-evidence-792812eabf8d9567854f,泰昌环境管理体系认证证书,primary,2,2,37819959-e15a-4958-8503-70697b0c1d90,rag_seed/power_grid_resources/05_enterprise_documents/01_泰昌MVP试点企业资料/extracted/泰昌资料/2管理体系认证证书/2.环境管理体系认证证书.pdf,True
taichang-evidence-68219d67c5feb3ed96a4,泰昌职业健康安全管理体系认证证书,primary,1,1,9fa04255-0511-407e-b5f5-9f356e1386f2,rag_seed/power_grid_resources/05_enterprise_documents/01_泰昌MVP试点企业资料/extracted/泰昌资料/2管理体系认证证书/3.职业健康安全管理体系认证证书.pdf,True
taichang-evidence-68219d67c5feb3ed96a4,泰昌职业健康安全管理体系认证证书,primary,2,2,611602d0-36e3-4513-aef8-df25744da7a5,rag_seed/power_grid_resources/05_enterprise_documents/01_泰昌MVP试点企业资料/extracted/泰昌资料/2管理体系认证证书/3.职业健康安全管理体系认证证书.pdf,True
taichang-evidence-68219d67c5feb3ed96a4,泰昌职业健康安全管理体系认证证书,primary,3,3,f49aba7e-2ab6-4bf7-8f9d-f4985c064692,rag_seed/power_grid_resources/05_enterprise_documents/01_泰昌MVP试点企业资料/extracted/泰昌资料/2管理体系认证证书/3.职业健康安全管理体系认证证书.pdf,True
taichang-evidence-c37bef6d5bdbe4f32cb1,泰昌质量管理体系认证证书,primary,1,1,3e36b7f3-3a10-4c58-9cb8-56c59a21ebfc,rag_seed/power_grid_resources/05_enterprise_documents/01_泰昌MVP试点企业资料/extracted/泰昌资料/2管理体系认证证书/1.质量管理体系认证证书.pdf,True
taichang-evidence-c37bef6d5bdbe4f32cb1,泰昌质量管理体系认证证书,primary,2,2,e014f9df-2d49-4415-a8cc-dde768690a2b,rag_seed/power_grid_resources/05_enterprise_documents/01_泰昌MVP试点企业资料/extracted/泰昌资料/2管理体系认证证书/1.质量管理体系认证证书.pdf,True
taichang-evidence-c37bef6d5bdbe4f32cb1,泰昌质量管理体系认证证书,primary,3,3,e3ffa072-d458-41d8-9714-74953f735593,rag_seed/power_grid_resources/05_enterprise_documents/01_泰昌MVP试点企业资料/extracted/泰昌资料/2管理体系认证证书/1.质量管理体系认证证书.pdf,True
taichang-evidence-68f40342eb06721cacc8,泰昌国网天津2022年电缆保护管项目业绩,中标通知书,1,1,6bde9fe2-ce32-4e2c-9cbc-9fd4696de3d2,rag_seed/power_grid_resources/05_enterprise_documents/02_泰昌资质文件补充_20260611/extracted/泰昌资质文件/38中标通知书整页扫描件/157-保护管（CPVC和MPP）_包2_电缆保护管MPP和CPVC_河北泰昌电力器材科技有限公司_中标通知书.pdf,True
taichang-evidence-68f40342eb06721cacc8,泰昌国网天津2022年电缆保护管项目业绩,中标通知书,2,2,ee3b0a64-4152-4bc1-9643-62c3873c4979,rag_seed/power_grid_resources/05_enterprise_documents/02_泰昌资质文件补充_20260611/extracted/泰昌资质文件/38中标通知书整页扫描件/157-保护管（CPVC和MPP）_包2_电缆保护管MPP和CPVC_河北泰昌电力器材科技有限公司_中标通知书.pdf,True
taichang-evidence-68f40342eb06721cacc8,泰昌国网天津2022年电缆保护管项目业绩,供货合同,3,1,53fe3267-f655-45cf-98b3-50cb2a065af6,rag_seed/power_grid_resources/05_enterprise_documents/02_泰昌资质文件补充_20260611/extracted/泰昌资质文件/37同类产品供货合同关键页整页扫描件/TJ20220002363合同协议书（双方已签章）.pdf,True
taichang-evidence-68f40342eb06721cacc8,泰昌国网天津2022年电缆保护管项目业绩,供货合同,4,2,1934e0a2-9328-42eb-b983-6f9ac6df0ac2,rag_seed/power_grid_resources/05_enterprise_documents/02_泰昌资质文件补充_20260611/extracted/泰昌资质文件/37同类产品供货合同关键页整页扫描件/TJ20220002363合同协议书（双方已签章）.pdf,True
taichang-evidence-68f40342eb06721cacc8,泰昌国网天津2022年电缆保护管项目业绩,供货合同,5,3,be020f97-fe2f-4ada-86c3-1784eff92365,rag_seed/power_grid_resources/05_enterprise_documents/02_泰昌资质文件补充_20260611/extracted/泰昌资质文件/37同类产品供货合同关键页整页扫描件/TJ20220002363合同协议书（双方已签章）.pdf,True
taichang-evidence-68f40342eb06721cacc8,泰昌国网天津2022年电缆保护管项目业绩,供货合同,6,4,3db01174-ea08-44e9-a32d-4a219daec403,rag_seed/power_grid_resources/05_enterprise_documents/02_泰昌资质文件补充_20260611/extracted/泰昌资质文件/37同类产品供货合同关键页整页扫描件/TJ20220002363合同协议书（双方已签章）.pdf,True
taichang-evidence-68f40342eb06721cacc8,泰昌国网天津2022年电缆保护管项目业绩,供货合同,7,5,76637719-343c-42bc-9bfa-e20f50bb7441,rag_seed/power_grid_resources/05_enterprise_documents/02_泰昌资质文件补充_20260611/extracted/泰昌资质文件/37同类产品供货合同关键页整页扫描件/TJ20220002363合同协议书（双方已签章）.pdf,True
taichang-evidence-68f40342eb06721cacc8,泰昌国网天津2022年电缆保护管项目业绩,供货合同,8,6,d917bbd3-63d6-4bd9-832c-761823baf7e4,rag_seed/power_grid_resources/05_enterprise_documents/02_泰昌资质文件补充_20260611/extracted/泰昌资质文件/37同类产品供货合同关键页整页扫描件/TJ20220002363合同协议书（双方已签章）.pdf,True
taichang-evidence-68f40342eb06721cacc8,泰昌国网天津2022年电缆保护管项目业绩,供货合同,9,7,97e2716b-f3db-48e7-8885-f5b35505352a,rag_seed/power_grid_resources/05_enterprise_documents/02_泰昌资质文件补充_20260611/extracted/泰昌资质文件/37同类产品供货合同关键页整页扫描件/TJ20220002363合同协议书（双方已签章）.pdf,True
taichang-evidence-68f40342eb06721cacc8,泰昌国网天津2022年电缆保护管项目业绩,供货合同,10,8,ac382931-3e2f-4d77-9306-024c8262e9d3,rag_seed/power_grid_resources/05_enterprise_documents/02_泰昌资质文件补充_20260611/extracted/泰昌资质文件/37同类产品供货合同关键页整页扫描件/TJ20220002363合同协议书（双方已签章）.pdf,True
taichang-evidence-68f40342eb06721cacc8,泰昌国网天津2022年电缆保护管项目业绩,供货合同,11,9,0101599f-c7ab-44bd-9e2d-7024a2f8acc0,rag_seed/power_grid_resources/05_enterprise_documents/02_泰昌资质文件补充_20260611/extracted/泰昌资质文件/37同类产品供货合同关键页整页扫描件/TJ20220002363合同协议书（双方已签章）.pdf,True
taichang-evidence-68f40342eb06721cacc8,泰昌国网天津2022年电缆保护管项目业绩,供货合同,12,10,70f8c8d6-de6f-447b-91ee-1f192f958fb8,rag_seed/power_grid_resources/05_enterprise_documents/02_泰昌资质文件补充_20260611/extracted/泰昌资质文件/37同类产品供货合同关键页整页扫描件/TJ20220002363合同协议书（双方已签章）.pdf,True
taichang-evidence-68f40342eb06721cacc8,泰昌国网天津2022年电缆保护管项目业绩,供货合同,13,11,fff62a89-d252-4ebd-9ffa-8e6223a1c0fc,rag_seed/power_grid_resources/05_enterprise_documents/02_泰昌资质文件补充_20260611/extracted/泰昌资质文件/37同类产品供货合同关键页整页扫描件/TJ20220002363合同协议书（双方已签章）.pdf,True
taichang-evidence-68f40342eb06721cacc8,泰昌国网天津2022年电缆保护管项目业绩,供货合同,14,12,84f7a1b2-05d3-4f7b-bf0e-e6fc0dabea51,rag_seed/power_grid_resources/05_enterprise_documents/02_泰昌资质文件补充_20260611/extracted/泰昌资质文件/37同类产品供货合同关键页整页扫描件/TJ20220002363合同协议书（双方已签章）.pdf,True
taichang-evidence-68f40342eb06721cacc8,泰昌国网天津2022年电缆保护管项目业绩,供货合同,15,13,f340d05f-4f6d-494a-ba0e-d33e0d8b6692,rag_seed/power_grid_resources/05_enterprise_documents/02_泰昌资质文件补充_20260611/extracted/泰昌资质文件/37同类产品供货合同关键页整页扫描件/TJ20220002363合同协议书（双方已签章）.pdf,True
taichang-evidence-68f40342eb06721cacc8,泰昌国网天津2022年电缆保护管项目业绩,供货合同,16,14,8e8b12f5-c3d5-401e-920c-c84a262a7a5b,rag_seed/power_grid_resources/05_enterprise_documents/02_泰昌资质文件补充_20260611/extracted/泰昌资质文件/37同类产品供货合同关键页整页扫描件/TJ20220002363合同协议书（双方已签章）.pdf,True
taichang-evidence-68f40342eb06721cacc8,泰昌国网天津2022年电缆保护管项目业绩,供货合同,17,15,2c918f6d-aa3a-4ed0-88b7-a490f554eb54,rag_seed/power_grid_resources/05_enterprise_documents/02_泰昌资质文件补充_20260611/extracted/泰昌资质文件/37同类产品供货合同关键页整页扫描件/TJ20220002363合同协议书（双方已签章）.pdf,True
